target,arena,arena_label,rank,substitute,probability,seed,eligible_sentences,sampled_sentences
agent,arxiv,arXiv (academic),1,system,0.083523526485922,11,2240,500
agent,arxiv,arXiv (academic),2,algorithm,0.07311246201349283,11,2240,500
agent,arxiv,arXiv (academic),3,individual,0.0718273166295903,11,2240,500
agent,arxiv,arXiv (academic),4,ai,0.06463657807123788,11,2240,500
agent,arxiv,arXiv (academic),5,model,0.04715263555968452,11,2240,500
agent,arxiv,arXiv (academic),6,robot,0.04556835580759692,11,2240,500
agent,arxiv,arXiv (academic),7,user,0.0333162232370554,11,2240,500
agent,arxiv,arXiv (academic),8,object,0.033190168710821,11,2240,500
agent,arxiv,arXiv (academic),9,organization,0.027385133871596457,11,2240,500
agent,arxiv,arXiv (academic),10,task,0.027148620917799956,11,2240,500
agent,arxiv,arXiv (academic),11,network,0.02581006352143219,11,2240,500
agent,arxiv,arXiv (academic),12,player,0.022135864442702147,11,2240,500
agent,arxiv,arXiv (academic),13,application,0.02192409012390628,11,2240,500
agent,arxiv,arXiv (academic),14,program,0.021426258529417385,11,2240,500
agent,arxiv,arXiv (academic),15,environment,0.021285950962473488,11,2240,500
agent,arxiv,arXiv (academic),16,computer,0.019856633235554172,11,2240,500
agent,arxiv,arXiv (academic),17,level,0.01854513151037543,11,2240,500
agent,arxiv,arXiv (academic),18,person,0.018310924807094977,11,2240,500
agent,arxiv,arXiv (academic),19,intelligence,0.016298987427220194,11,2240,500
agent,arxiv,arXiv (academic),20,brain,0.01615360759909271,11,2240,500
agent,arxiv,arXiv (academic),21,process,0.016111756513463343,11,2240,500
agent,arxiv,arXiv (academic),22,agency,0.015213871992034916,11,2240,500
agent,arxiv,arXiv (academic),23,game,0.013743292561827688,11,2240,500
agent,arxiv,arXiv (academic),24,channel,0.012971096782202039,11,2240,500
agent,arxiv,arXiv (academic),25,organism,0.012416265803137282,11,2240,500
agent,arxiv,arXiv (academic),26,human,0.012069273961194843,11,2240,500
agent,arxiv,arXiv (academic),27,operator,0.011634452553231808,11,2240,500
agent,arxiv,arXiv (academic),28,state,0.011606858081520031,11,2240,500
agent,arxiv,arXiv (academic),29,machine,0.011465585951045085,11,2240,500
agent,arxiv,arXiv (academic),30,participant,0.011023272518263797,11,2240,500
agent,arxiv,arXiv (academic),31,animal,0.01070076673128375,11,2240,500
agent,arxiv,arXiv (academic),32,student,0.010672353450030515,11,2240,500
agent,arxiv,arXiv (academic),33,agents,0.009658746453061652,11,2240,500
agent,arxiv,arXiv (academic),34,event,0.00926555624561539,11,2240,500
agent,arxiv,arXiv (academic),35,engine,0.008927909589417067,11,2240,500
agent,arxiv,arXiv (academic),36,platform,0.008651002806609116,11,2240,500
agent,arxiv,arXiv (academic),37,function,0.008530497421751843,11,2240,500
agent,arxiv,arXiv (academic),38,action,0.008059150397918304,11,2240,500
agent,arxiv,arXiv (academic),39,learning,0.008007721227332872,11,2240,500
agent,arxiv,arXiv (academic),40,actor,0.007969472140977431,11,2240,500
agent,arxiv,arXiv (academic),41,entity,0.007883051892166112,11,2240,500
agent,arxiv,arXiv (academic),42,software,0.007565557125667854,11,2240,500
agent,arxiv,arXiv (academic),43,factor,0.007388777519568385,11,2240,500
agent,arxiv,arXiv (academic),44,team,0.00732980845545906,11,2240,500
agent,arxiv,arXiv (academic),45,attack,0.007316698752195566,11,2240,500
agent,arxiv,arXiv (academic),46,party,0.007254764568447989,11,2240,500
agent,arxiv,arXiv (academic),47,group,0.0071836710188921135,11,2240,500
agent,arxiv,arXiv (academic),48,expert,0.007061308637414688,11,2240,500
agent,arxiv,arXiv (academic),49,variable,0.006917080902757858,11,2240,500
agent,arxiv,arXiv (academic),50,method,0.006791844481445556,11,2240,500
algorithm,NYT,New York Times (public news),1,program,0.13539199560460877,11,271,271
algorithm,NYT,New York Times (public news),2,system,0.12042797912189784,11,271,271
algorithm,NYT,New York Times (public news),3,software,0.05910384969925422,11,271,271
algorithm,NYT,New York Times (public news),4,technology,0.04070025625922753,11,271,271
algorithm,NYT,New York Times (public news),5,individual,0.028108921401812245,11,271,271
algorithm,NYT,New York Times (public news),6,engine,0.02548782585260266,11,271,271
algorithm,NYT,New York Times (public news),7,technique,0.024767225930582986,11,271,271
algorithm,NYT,New York Times (public news),8,computer,0.02436535050591267,11,271,271
algorithm,NYT,New York Times (public news),9,tool,0.023935469410945796,11,271,271
algorithm,NYT,New York Times (public news),10,application,0.023307511494265975,11,271,271
algorithm,NYT,New York Times (public news),11,ai,0.023205032545106384,11,271,271
algorithm,NYT,New York Times (public news),12,model,0.0207327487632942,11,271,271
algorithm,NYT,New York Times (public news),13,network,0.020075324428009887,11,271,271
algorithm,NYT,New York Times (public news),14,app,0.019734603140443112,11,271,271
algorithm,NYT,New York Times (public news),15,machine,0.018104082829395823,11,271,271
algorithm,NYT,New York Times (public news),16,approach,0.01758371498790385,11,271,271
algorithm,NYT,New York Times (public news),17,method,0.017559613248624022,11,271,271
algorithm,NYT,New York Times (public news),18,internet,0.017278515040603026,11,271,271
algorithm,NYT,New York Times (public news),19,interface,0.016146289985261228,11,271,271
algorithm,NYT,New York Times (public news),20,organization,0.015254461103141933,11,271,271
algorithm,NYT,New York Times (public news),21,project,0.014845981135677632,11,271,271
algorithm,NYT,New York Times (public news),22,email,0.014763308024248016,11,271,271
algorithm,NYT,New York Times (public news),23,expert,0.014725194213989483,11,271,271
algorithm,NYT,New York Times (public news),24,device,0.014578734178779251,11,271,271
algorithm,NYT,New York Times (public news),25,experiment,0.01396900861892873,11,271,271
algorithm,NYT,New York Times (public news),26,user,0.013830623329180983,11,271,271
algorithm,NYT,New York Times (public news),27,person,0.013647614151960625,11,271,271
algorithm,NYT,New York Times (public news),28,architecture,0.012832838788160526,11,271,271
algorithm,NYT,New York Times (public news),29,idea,0.012034695798214978,11,271,271
algorithm,NYT,New York Times (public news),30,engineer,0.011634329130331252,11,271,271
algorithm,NYT,New York Times (public news),31,word,0.011617007226966779,11,271,271
algorithm,NYT,New York Times (public news),32,ability,0.010834430334876313,11,271,271
algorithm,NYT,New York Times (public news),33,game,0.010505690966902178,11,271,271
algorithm,NYT,New York Times (public news),34,image,0.009919967892294575,11,271,271
algorithm,NYT,New York Times (public news),35,world,0.009806110473594544,11,271,271
algorithm,NYT,New York Times (public news),36,instrument,0.009523566787938607,11,271,271
algorithm,NYT,New York Times (public news),37,article,0.009354360059980584,11,271,271
algorithm,NYT,New York Times (public news),38,brain,0.009215836904432891,11,271,271
algorithm,NYT,New York Times (public news),39,code,0.009183033826517016,11,271,271
algorithm,NYT,New York Times (public news),40,process,0.008882663603266708,11,271,271
algorithm,NYT,New York Times (public news),41,information,0.008403583273128585,11,271,271
algorithm,NYT,New York Times (public news),42,engines,0.007521741436226439,11,271,271
algorithm,NYT,New York Times (public news),43,environment,0.007410207201168559,11,271,271
algorithm,NYT,New York Times (public news),44,company,0.007408242858042226,11,271,271
algorithm,NYT,New York Times (public news),45,agency,0.007369079228095717,11,271,271
algorithm,NYT,New York Times (public news),46,team,0.007274380390309726,11,271,271
algorithm,NYT,New York Times (public news),47,eye,0.0072520646758473745,11,271,271
algorithm,NYT,New York Times (public news),48,science,0.007222638317543426,11,271,271
algorithm,NYT,New York Times (public news),49,database,0.006738445380174119,11,271,271
algorithm,NYT,New York Times (public news),50,test,0.006423850440328504,11,271,271
algorithm,WSJ,Wall Street Journal (business news),1,system,0.1468224309574218,11,184,184
algorithm,WSJ,Wall Street Journal (business news),2,program,0.09484729625357287,11,184,184
algorithm,WSJ,Wall Street Journal (business news),3,software,0.061408149047479654,11,184,184
algorithm,WSJ,Wall Street Journal (business news),4,ai,0.04863051796927312,11,184,184
algorithm,WSJ,Wall Street Journal (business news),5,technology,0.04037145367889952,11,184,184
algorithm,WSJ,Wall Street Journal (business news),6,computer,0.037788588615462054,11,184,184
algorithm,WSJ,Wall Street Journal (business news),7,app,0.031954972320223346,11,184,184
algorithm,WSJ,Wall Street Journal (business news),8,approach,0.02784148238499869,11,184,184
algorithm,WSJ,Wall Street Journal (business news),9,machine,0.02443486326629102,11,184,184
algorithm,WSJ,Wall Street Journal (business news),10,application,0.022218151315491402,11,184,184
algorithm,WSJ,Wall Street Journal (business news),11,idea,0.0219235423198033,11,184,184
algorithm,WSJ,Wall Street Journal (business news),12,user,0.020840546096068835,11,184,184
algorithm,WSJ,Wall Street Journal (business news),13,engine,0.02074223878423399,11,184,184
algorithm,WSJ,Wall Street Journal (business news),14,plan,0.020207910923253258,11,184,184
algorithm,WSJ,Wall Street Journal (business news),15,model,0.02013782385490004,11,184,184
algorithm,WSJ,Wall Street Journal (business news),16,opponent,0.018923853935688788,11,184,184
algorithm,WSJ,Wall Street Journal (business news),17,process,0.01781502579506797,11,184,184
algorithm,WSJ,Wall Street Journal (business news),18,game,0.01747761567696836,11,184,184
algorithm,WSJ,Wall Street Journal (business news),19,code,0.017373088531531692,11,184,184
algorithm,WSJ,Wall Street Journal (business news),20,technique,0.01597461422034952,11,184,184
algorithm,WSJ,Wall Street Journal (business news),21,tool,0.01454740069707689,11,184,184
algorithm,WSJ,Wall Street Journal (business news),22,experiment,0.012882917815283442,11,184,184
algorithm,WSJ,Wall Street Journal (business news),23,individual,0.012839773394248376,11,184,184
algorithm,WSJ,Wall Street Journal (business news),24,method,0.012040154619957145,11,184,184
algorithm,WSJ,Wall Street Journal (business news),25,company,0.011795164552615445,11,184,184
algorithm,WSJ,Wall Street Journal (business news),26,image,0.01144288194070646,11,184,184
algorithm,WSJ,Wall Street Journal (business news),27,device,0.011277214620681441,11,184,184
algorithm,WSJ,Wall Street Journal (business news),28,problem,0.011148919538511269,11,184,184
algorithm,WSJ,Wall Street Journal (business news),29,team,0.010475199694478066,11,184,184
algorithm,WSJ,Wall Street Journal (business news),30,interface,0.010385555128654073,11,184,184
algorithm,WSJ,Wall Street Journal (business news),31,initiative,0.010185623481891785,11,184,184
algorithm,WSJ,Wall Street Journal (business news),32,thing,0.009595598253909546,11,184,184
algorithm,WSJ,Wall Street Journal (business news),33,project,0.009468874831528794,11,184,184
algorithm,WSJ,Wall Street Journal (business news),34,platform,0.009045740807581172,11,184,184
algorithm,WSJ,Wall Street Journal (business news),35,network,0.009045259438496767,11,184,184
algorithm,WSJ,Wall Street Journal (business news),36,systems,0.008994090886634606,11,184,184
algorithm,WSJ,Wall Street Journal (business news),37,website,0.008536878375805745,11,184,184
algorithm,WSJ,Wall Street Journal (business news),38,organization,0.008412530969459415,11,184,184
algorithm,WSJ,Wall Street Journal (business news),39,research,0.007957366806827772,11,184,184
algorithm,WSJ,Wall Street Journal (business news),40,algorithms,0.007955022467139342,11,184,184
algorithm,WSJ,Wall Street Journal (business news),41,brain,0.007152353887585433,11,184,184
algorithm,WSJ,Wall Street Journal (business news),42,agent,0.007111808935052766,11,184,184
algorithm,WSJ,Wall Street Journal (business news),43,data,0.006817160221449542,11,184,184
algorithm,WSJ,Wall Street Journal (business news),44,technologies,0.006772207056229665,11,184,184
algorithm,WSJ,Wall Street Journal (business news),45,expert,0.006749536125646879,11,184,184
algorithm,WSJ,Wall Street Journal (business news),46,attempt,0.006238932143920999,11,184,184
algorithm,WSJ,Wall Street Journal (business news),47,robot,0.006018312305887114,11,184,184
algorithm,WSJ,Wall Street Journal (business news),48,users,0.0059700542948304056,11,184,184
algorithm,WSJ,Wall Street Journal (business news),49,industry,0.00590714168544426,11,184,184
algorithm,WSJ,Wall Street Journal (business news),50,ability,0.005496159075486689,11,184,184
algorithm,arxiv,arXiv (academic),1,model,0.13188109526567596,11,3353,500
algorithm,arxiv,arXiv (academic),2,method,0.10335559080828705,11,3353,500
algorithm,arxiv,arXiv (academic),3,system,0.07855755404130002,11,3353,500
algorithm,arxiv,arXiv (academic),4,approach,0.07039228050206697,11,3353,500
algorithm,arxiv,arXiv (academic),5,technique,0.055897802652935036,11,3353,500
algorithm,arxiv,arXiv (academic),6,program,0.030332493980087184,11,3353,500
algorithm,arxiv,arXiv (academic),7,algorithms,0.027035036489340546,11,3353,500
algorithm,arxiv,arXiv (academic),8,process,0.02644356485993409,11,3353,500
algorithm,arxiv,arXiv (academic),9,problem,0.025727801873585022,11,3353,500
algorithm,arxiv,arXiv (academic),10,software,0.021601453369665374,11,3353,500
algorithm,arxiv,arXiv (academic),11,step,0.020846811189675553,11,3353,500
algorithm,arxiv,arXiv (academic),12,tool,0.020268801258024167,11,3353,500
algorithm,arxiv,arXiv (academic),13,theory,0.01786026421010269,11,3353,500
algorithm,arxiv,arXiv (academic),14,function,0.017551164422010875,11,3353,500
algorithm,arxiv,arXiv (academic),15,techniques,0.015221709838921234,11,3353,500
algorithm,arxiv,arXiv (academic),16,methods,0.014217810499320362,11,3353,500
algorithm,arxiv,arXiv (academic),17,strategy,0.013084551594547116,11,3353,500
algorithm,arxiv,arXiv (academic),18,engine,0.012997001739836351,11,3353,500
algorithm,arxiv,arXiv (academic),19,technology,0.012019867753861027,11,3353,500
algorithm,arxiv,arXiv (academic),20,user,0.011954264124394728,11,3353,500
algorithm,arxiv,arXiv (academic),21,engineering,0.011841857137541737,11,3353,500
algorithm,arxiv,arXiv (academic),22,computer,0.011802592791182093,11,3353,500
algorithm,arxiv,arXiv (academic),23,test,0.011611109701348987,11,3353,500
algorithm,arxiv,arXiv (academic),24,application,0.011467085376854024,11,3353,500
algorithm,arxiv,arXiv (academic),25,mechanism,0.011182442074204666,11,3353,500
algorithm,arxiv,arXiv (academic),26,models,0.01097325173633921,11,3353,500
algorithm,arxiv,arXiv (academic),27,parameter,0.010839277803035709,11,3353,500
algorithm,arxiv,arXiv (academic),28,framework,0.010721637856159674,11,3353,500
algorithm,arxiv,arXiv (academic),29,analysis,0.01044087753356145,11,3353,500
algorithm,arxiv,arXiv (academic),30,phase,0.009953285582134031,11,3353,500
algorithm,arxiv,arXiv (academic),31,architecture,0.009874534759346363,11,3353,500
algorithm,arxiv,arXiv (academic),32,example,0.009670232736177118,11,3353,500
algorithm,arxiv,arXiv (academic),33,language,0.009623590645299461,11,3353,500
algorithm,arxiv,arXiv (academic),34,figure,0.009295973685370593,11,3353,500
algorithm,arxiv,arXiv (academic),35,solution,0.009240815091004311,11,3353,500
algorithm,arxiv,arXiv (academic),36,machine,0.009032986692753688,11,3353,500
algorithm,arxiv,arXiv (academic),37,design,0.008915975709844029,11,3353,500
algorithm,arxiv,arXiv (academic),38,procedure,0.008705080639724708,11,3353,500
algorithm,arxiv,arXiv (academic),39,data,0.008211006280453419,11,3353,500
algorithm,arxiv,arXiv (academic),40,scheme,0.008023366179191386,11,3353,500
algorithm,arxiv,arXiv (academic),41,do,0.008010253658829675,11,3353,500
algorithm,arxiv,arXiv (academic),42,implementation,0.007879836196177149,11,3353,500
algorithm,arxiv,arXiv (academic),43,task,0.007468797464546514,11,3353,500
algorithm,arxiv,arXiv (academic),44,protocol,0.007455552539612607,11,3353,500
algorithm,arxiv,arXiv (academic),45,optimization,0.0073449498462826186,11,3353,500
algorithm,arxiv,arXiv (academic),46,version,0.007217014859957135,11,3353,500
algorithm,arxiv,arXiv (academic),47,network,0.0071300653462096795,11,3353,500
algorithm,arxiv,arXiv (academic),48,methodology,0.006376253448665701,11,3353,500
algorithm,arxiv,arXiv (academic),49,curve,0.006298792846875692,11,3353,500
algorithm,arxiv,arXiv (academic),50,stage,0.006144583307744825,11,3353,500
alignment,arxiv,arXiv (academic),1,learning,0.1102185880458219,11,295,295
alignment,arxiv,arXiv (academic),2,ai,0.08730271286041763,11,295,295
alignment,arxiv,arXiv (academic),3,analysis,0.08514633269035694,11,295,295
alignment,arxiv,arXiv (academic),4,compliance,0.05941394129042283,11,295,295
alignment,arxiv,arXiv (academic),5,interaction,0.04377477034435015,11,295,295
alignment,arxiv,arXiv (academic),6,processing,0.03390045051606275,11,295,295
alignment,arxiv,arXiv (academic),7,theory,0.033396132292670064,11,295,295
alignment,arxiv,arXiv (academic),8,recognition,0.030092167268411237,11,295,295
alignment,arxiv,arXiv (academic),9,performance,0.029370299742995203,11,295,295
alignment,arxiv,arXiv (academic),10,design,0.023990030487994505,11,295,295
alignment,arxiv,arXiv (academic),11,research,0.021973112906210294,11,295,295
alignment,arxiv,arXiv (academic),12,accordance,0.02147543958389972,11,295,295
alignment,arxiv,arXiv (academic),13,systems,0.02062893044710315,11,295,295
alignment,arxiv,arXiv (academic),14,same,0.01895904262975015,11,295,295
alignment,arxiv,arXiv (academic),15,relationship,0.018425591238297723,11,295,295
alignment,arxiv,arXiv (academic),16,integration,0.017059857931544627,11,295,295
alignment,arxiv,arXiv (academic),17,optimization,0.01704128516928975,11,295,295
alignment,arxiv,arXiv (academic),18,control,0.015856392004960196,11,295,295
alignment,arxiv,arXiv (academic),19,prediction,0.014841992053940576,11,295,295
alignment,arxiv,arXiv (academic),20,common,0.01223587490937938,11,295,295
alignment,arxiv,arXiv (academic),21,aligned,0.012200812742447418,11,295,295
alignment,arxiv,arXiv (academic),22,safety,0.011907536270383878,11,295,295
alignment,arxiv,arXiv (academic),23,development,0.01176020152330356,11,295,295
alignment,arxiv,arXiv (academic),24,space,0.011427147963780927,11,295,295
alignment,arxiv,arXiv (academic),25,interface,0.011115311716773229,11,295,295
alignment,arxiv,arXiv (academic),26,comparison,0.010890645127891644,11,295,295
alignment,arxiv,arXiv (academic),27,tree,0.01062914114944221,11,295,295
alignment,arxiv,arXiv (academic),28,associated,0.010501265379617155,11,295,295
alignment,arxiv,arXiv (academic),29,models,0.010432963497658416,11,295,295
alignment,arxiv,arXiv (academic),30,communication,0.010147630886725953,11,295,295
alignment,arxiv,arXiv (academic),31,loops,0.00985844418920034,11,295,295
alignment,arxiv,arXiv (academic),32,mapping,0.009782750025069314,11,295,295
alignment,arxiv,arXiv (academic),33,interactions,0.009606415079414676,11,295,295
alignment,arxiv,arXiv (academic),34,selection,0.009379332985554215,11,295,295
alignment,arxiv,arXiv (academic),35,modeling,0.00929045343252535,11,295,295
alignment,arxiv,arXiv (academic),36,combination,0.00913037199190481,11,295,295
alignment,arxiv,arXiv (academic),37,classification,0.009100082273207,11,295,295
alignment,arxiv,arXiv (academic),38,engagement,0.008994762437380868,11,295,295
alignment,arxiv,arXiv (academic),39,quality,0.008812980152098623,11,295,295
alignment,arxiv,arXiv (academic),40,association,0.008792467574418978,11,295,295
alignment,arxiv,arXiv (academic),41,model,0.008551545943851007,11,295,295
alignment,arxiv,arXiv (academic),42,kernel,0.008478607832565497,11,295,295
alignment,arxiv,arXiv (academic),43,loop,0.008272627980250953,11,295,295
alignment,arxiv,arXiv (academic),44,cluster,0.008245647918531244,11,295,295
alignment,arxiv,arXiv (academic),45,line,0.008193775951528605,11,295,295
alignment,arxiv,arXiv (academic),46,system,0.008156228939714393,11,295,295
alignment,arxiv,arXiv (academic),47,operations,0.008052648024257683,11,295,295
alignment,arxiv,arXiv (academic),48,change,0.007793709534987501,11,295,295
alignment,arxiv,arXiv (academic),49,search,0.00773141520420577,11,295,295
alignment,arxiv,arXiv (academic),50,identification,0.007660131857429936,11,295,295
autonomy,arxiv,arXiv (academic),1,performance,0.09224450243632776,11,103,103
autonomy,arxiv,arXiv (academic),2,control,0.04121862081954854,11,103,103
autonomy,arxiv,arXiv (academic),3,learning,0.03856425414692963,11,103,103
autonomy,arxiv,arXiv (academic),4,automation,0.03802388877734918,11,103,103
autonomy,arxiv,arXiv (academic),5,ability,0.0360935575042924,11,103,103
autonomy,arxiv,arXiv (academic),6,design,0.03444987031826359,11,103,103
autonomy,arxiv,arXiv (academic),7,systems,0.03339528913987929,11,103,103
autonomy,arxiv,arXiv (academic),8,efficiency,0.032815478586367026,11,103,103
autonomy,arxiv,arXiv (academic),9,robotics,0.030054046697177126,11,103,103
autonomy,arxiv,arXiv (academic),10,complexity,0.027227761639202295,11,103,103
autonomy,arxiv,arXiv (academic),11,rights,0.02668663755896755,11,103,103
autonomy,arxiv,arXiv (academic),12,knowledge,0.025380945145248,11,103,103
autonomy,arxiv,arXiv (academic),13,ai,0.02265720389891679,11,103,103
autonomy,arxiv,arXiv (academic),14,memory,0.022503961731519445,11,103,103
autonomy,arxiv,arXiv (academic),15,safety,0.02217822935750185,11,103,103
autonomy,arxiv,arXiv (academic),16,development,0.02097550171775303,11,103,103
autonomy,arxiv,arXiv (academic),17,technology,0.020733940727250193,11,103,103
autonomy,arxiv,arXiv (academic),18,intelligence,0.019704646602689488,11,103,103
autonomy,arxiv,arXiv (academic),19,trust,0.019589493438377334,11,103,103
autonomy,arxiv,arXiv (academic),20,interaction,0.019484135552114038,11,103,103
autonomy,arxiv,arXiv (academic),21,ethics,0.01843754573316404,11,103,103
autonomy,arxiv,arXiv (academic),22,language,0.018093788882024106,11,103,103
autonomy,arxiv,arXiv (academic),23,reliability,0.016651442492788163,11,103,103
autonomy,arxiv,arXiv (academic),24,accuracy,0.01598096997351739,11,103,103
autonomy,arxiv,arXiv (academic),25,agency,0.015579940576811167,11,103,103
autonomy,arxiv,arXiv (academic),26,effectiveness,0.01511648608051126,11,103,103
autonomy,arxiv,arXiv (academic),27,practice,0.014793982480155754,11,103,103
autonomy,arxiv,arXiv (academic),28,robots,0.013945097018174812,11,103,103
autonomy,arxiv,arXiv (academic),29,constraints,0.01364619090718483,11,103,103
autonomy,arxiv,arXiv (academic),30,information,0.013601561657818418,11,103,103
autonomy,arxiv,arXiv (academic),31,resources,0.013504755505457261,11,103,103
autonomy,arxiv,arXiv (academic),32,speed,0.012405734985908525,11,103,103
autonomy,arxiv,arXiv (academic),33,use,0.01191941563250939,11,103,103
autonomy,arxiv,arXiv (academic),34,embodied,0.011857486790622252,11,103,103
autonomy,arxiv,arXiv (academic),35,behavior,0.011617599162803128,11,103,103
autonomy,arxiv,arXiv (academic),36,flexibility,0.011560029619177941,11,103,103
autonomy,arxiv,arXiv (academic),37,communication,0.011540417048696383,11,103,103
autonomy,arxiv,arXiv (academic),38,experience,0.011495971378671612,11,103,103
autonomy,arxiv,arXiv (academic),39,space,0.011478308585460326,11,103,103
autonomy,arxiv,arXiv (academic),40,capability,0.011406220066218319,11,103,103
autonomy,arxiv,arXiv (academic),41,power,0.011135820474013998,11,103,103
autonomy,arxiv,arXiv (academic),42,automatic,0.010908031517628654,11,103,103
autonomy,arxiv,arXiv (academic),43,success,0.010903815093451159,11,103,103
autonomy,arxiv,arXiv (academic),44,training,0.010698162482598335,11,103,103
autonomy,arxiv,arXiv (academic),45,functionality,0.010643137173159121,11,103,103
autonomy,arxiv,arXiv (academic),46,security,0.009597577759472585,11,103,103
autonomy,arxiv,arXiv (academic),47,license,0.009480191388706297,11,103,103
autonomy,arxiv,arXiv (academic),48,law,0.009430882311573076,11,103,103
autonomy,arxiv,arXiv (academic),49,integration,0.009383448474591986,11,103,103
autonomy,arxiv,arXiv (academic),50,task,0.009204022951455214,11,103,103
bias,NYT,New York Times (public news),1,discrimination,0.11125469585895843,11,219,219
bias,NYT,New York Times (public news),2,security,0.053755889066156824,11,219,219
bias,NYT,New York Times (public news),3,problems,0.04136080037678235,11,219,219
bias,NYT,New York Times (public news),4,differences,0.04073085922701306,11,219,219
bias,NYT,New York Times (public news),5,advances,0.03995550953707558,11,219,219
bias,NYT,New York Times (public news),6,flaws,0.03737865713603328,11,219,219
bias,NYT,New York Times (public news),7,fraud,0.03579887884895929,11,219,219
bias,NYT,New York Times (public news),8,changes,0.0356475789148858,11,219,219
bias,NYT,New York Times (public news),9,errors,0.03468242984177706,11,219,219
bias,NYT,New York Times (public news),10,error,0.033729461431443036,11,219,219
bias,NYT,New York Times (public news),11,corruption,0.030010082941617527,11,219,219
bias,NYT,New York Times (public news),12,ai,0.029310882593962844,11,219,219
bias,NYT,New York Times (public news),13,diversity,0.027856270761695973,11,219,219
bias,NYT,New York Times (public news),14,stereotypes,0.023478918585857343,11,219,219
bias,NYT,New York Times (public news),15,innovation,0.020720186632241032,11,219,219
bias,NYT,New York Times (public news),16,racism,0.019649083309705027,11,219,219
bias,NYT,New York Times (public news),17,prejudice,0.01758985609733038,11,219,219
bias,NYT,New York Times (public news),18,change,0.016954393782387975,11,219,219
bias,NYT,New York Times (public news),19,privacy,0.014876011704526423,11,219,219
bias,NYT,New York Times (public news),20,attacks,0.01445993371260649,11,219,219
bias,NYT,New York Times (public news),21,censorship,0.014458322206887307,11,219,219
bias,NYT,New York Times (public news),22,complexity,0.01288147892883097,11,219,219
bias,NYT,New York Times (public news),23,technology,0.012754551648493652,11,219,219
bias,NYT,New York Times (public news),24,improvements,0.012389975360110819,11,219,219
bias,NYT,New York Times (public news),25,behavior,0.01201456685327045,11,219,219
bias,NYT,New York Times (public news),26,use,0.011924178147267346,11,219,219
bias,NYT,New York Times (public news),27,cheating,0.011761878802366349,11,219,219
bias,NYT,New York Times (public news),28,bugs,0.011279890748128362,11,219,219
bias,NYT,New York Times (public news),29,interference,0.011170287795642393,11,219,219
bias,NYT,New York Times (public news),30,harassment,0.011149134857568603,11,219,219
bias,NYT,New York Times (public news),31,software,0.011102290499021533,11,219,219
bias,NYT,New York Times (public news),32,failure,0.010829882664990208,11,219,219
bias,NYT,New York Times (public news),33,threats,0.010801809902509462,11,219,219
bias,NYT,New York Times (public news),34,research,0.010735706524623231,11,219,219
bias,NYT,New York Times (public news),35,abuse,0.010445993565176266,11,219,219
bias,NYT,New York Times (public news),36,safety,0.010369049924833814,11,219,219
bias,NYT,New York Times (public news),37,data,0.010323067491721325,11,219,219
bias,NYT,New York Times (public news),38,information,0.010301153751930392,11,219,219
bias,NYT,New York Times (public news),39,defects,0.010294394620922784,11,219,219
bias,NYT,New York Times (public news),40,competition,0.010135806236897804,11,219,219
bias,NYT,New York Times (public news),41,issues,0.009922455533541005,11,219,219
bias,NYT,New York Times (public news),42,loss,0.009896961529899653,11,219,219
bias,NYT,New York Times (public news),43,exclusion,0.009747731711284414,11,219,219
bias,NYT,New York Times (public news),44,inequality,0.009495898829814213,11,219,219
bias,NYT,New York Times (public news),45,weaknesses,0.00937777531412177,11,219,219
bias,NYT,New York Times (public news),46,identity,0.009350269630944076,11,219,219
bias,NYT,New York Times (public news),47,algorithms,0.009337573228817387,11,219,219
bias,NYT,New York Times (public news),48,risk,0.008928493793949345,11,219,219
bias,NYT,New York Times (public news),49,value,0.008865645884828853,11,219,219
bias,NYT,New York Times (public news),50,developments,0.008753393650590354,11,219,219
bias,arxiv,arXiv (academic),1,errors,0.08365891232898717,11,703,500
bias,arxiv,arXiv (academic),2,fairness,0.05627403167283525,11,703,500
bias,arxiv,arXiv (academic),3,error,0.05168848242799281,11,703,500
bias,arxiv,arXiv (academic),4,problems,0.050853289764084514,11,703,500
bias,arxiv,arXiv (academic),5,data,0.0439895542379105,11,703,500
bias,arxiv,arXiv (academic),6,complexity,0.04327517183769972,11,703,500
bias,arxiv,arXiv (academic),7,information,0.041378153765424384,11,703,500
bias,arxiv,arXiv (academic),8,performance,0.03626453185046492,11,703,500
bias,arxiv,arXiv (academic),9,learning,0.03122652103247414,11,703,500
bias,arxiv,arXiv (academic),10,changes,0.03051196565502996,11,703,500
bias,arxiv,arXiv (academic),11,problem,0.026261249814767768,11,703,500
bias,arxiv,arXiv (academic),12,weight,0.02553784122717653,11,703,500
bias,arxiv,arXiv (academic),13,differences,0.025205915883952955,11,703,500
bias,arxiv,arXiv (academic),14,ai,0.024584918897964585,11,703,500
bias,arxiv,arXiv (academic),15,mean,0.024038603622862996,11,703,500
bias,arxiv,arXiv (academic),16,uncertainty,0.02130738325007614,11,703,500
bias,arxiv,arXiv (academic),17,discrimination,0.020495718138580078,11,703,500
bias,arxiv,arXiv (academic),18,tendency,0.02019415234787137,11,703,500
bias,arxiv,arXiv (academic),19,behavior,0.017164302571813204,11,703,500
bias,arxiv,arXiv (academic),20,efficiency,0.016061700785009944,11,703,500
bias,arxiv,arXiv (academic),21,feature,0.015687408147077333,11,703,500
bias,arxiv,arXiv (academic),22,model,0.013873083083406543,11,703,500
bias,arxiv,arXiv (academic),23,effects,0.013518307622717305,11,703,500
bias,arxiv,arXiv (academic),24,target,0.013332397125492643,11,703,500
bias,arxiv,arXiv (academic),25,measures,0.01297914394884728,11,703,500
bias,arxiv,arXiv (academic),26,change,0.012082254544587785,11,703,500
bias,arxiv,arXiv (academic),27,size,0.01200410123620463,11,703,500
bias,arxiv,arXiv (academic),28,variance,0.01161130496060251,11,703,500
bias,arxiv,arXiv (academic),29,value,0.011543340888166212,11,703,500
bias,arxiv,arXiv (academic),30,limitations,0.011525538232682557,11,703,500
bias,arxiv,arXiv (academic),31,difficulty,0.011338480156338187,11,703,500
bias,arxiv,arXiv (academic),32,security,0.010503705541492905,11,703,500
bias,arxiv,arXiv (academic),33,systems,0.0101219181835522,11,703,500
bias,arxiv,arXiv (academic),34,properties,0.009653633968419097,11,703,500
bias,arxiv,arXiv (academic),35,issues,0.00956243593413404,11,703,500
bias,arxiv,arXiv (academic),36,trend,0.009513227590315544,11,703,500
bias,arxiv,arXiv (academic),37,function,0.009362260856750845,11,703,500
bias,arxiv,arXiv (academic),38,difference,0.009329888440933331,11,703,500
bias,arxiv,arXiv (academic),39,identity,0.00916794467941089,11,703,500
bias,arxiv,arXiv (academic),40,failure,0.009026574256838081,11,703,500
bias,arxiv,arXiv (academic),41,results,0.008736940626457454,11,703,500
bias,arxiv,arXiv (academic),42,knowledge,0.008655282181324846,11,703,500
bias,arxiv,arXiv (academic),43,analysis,0.008540003760382225,11,703,500
bias,arxiv,arXiv (academic),44,such,0.008511840203853403,11,703,500
bias,arxiv,arXiv (academic),45,cost,0.008439302023877394,11,703,500
bias,arxiv,arXiv (academic),46,features,0.008406066775950379,11,703,500
bias,arxiv,arXiv (academic),47,adaptation,0.008364662595913692,11,703,500
bias,arxiv,arXiv (academic),48,noise,0.008258871706868457,11,703,500
bias,arxiv,arXiv (academic),49,variation,0.008218970060940177,11,703,500
bias,arxiv,arXiv (academic),50,accuracy,0.008158709553483225,11,703,500
capability,arxiv,arXiv (academic),1,ability,0.2945757983255631,11,339,339
capability,arxiv,arXiv (academic),2,capabilities,0.046023979846914635,11,339,339
capability,arxiv,arXiv (academic),3,properties,0.04367825000949902,11,339,339
capability,arxiv,arXiv (academic),4,performance,0.041666853960976566,11,339,339
capability,arxiv,arXiv (academic),5,potential,0.03670324619348147,11,339,339
capability,arxiv,arXiv (academic),6,model,0.03179688475327484,11,339,339
capability,arxiv,arXiv (academic),7,power,0.03151299288387008,11,339,339
capability,arxiv,arXiv (academic),8,use,0.03033694920659957,11,339,339
capability,arxiv,arXiv (academic),9,capacity,0.024249862052434283,11,339,339
capability,arxiv,arXiv (academic),10,approach,0.02297752483160025,11,339,339
capability,arxiv,arXiv (academic),11,efficiency,0.019165616019629787,11,339,339
capability,arxiv,arXiv (academic),12,property,0.018262414443773092,11,339,339
capability,arxiv,arXiv (academic),13,abilities,0.017301788074350875,11,339,339
capability,arxiv,arXiv (academic),14,technology,0.014085069191370673,11,339,339
capability,arxiv,arXiv (academic),15,complexity,0.013451483517649488,11,339,339
capability,arxiv,arXiv (academic),16,process,0.01328139612336709,11,339,339
capability,arxiv,arXiv (academic),17,skills,0.012154099545130593,11,339,339
capability,arxiv,arXiv (academic),18,effect,0.011898022805644694,11,339,339
capability,arxiv,arXiv (academic),19,goal,0.011737421401087052,11,339,339
capability,arxiv,arXiv (academic),20,accuracy,0.011418611083829074,11,339,339
capability,arxiv,arXiv (academic),21,method,0.010909638176113413,11,339,339
capability,arxiv,arXiv (academic),22,techniques,0.010786055712850936,11,339,339
capability,arxiv,arXiv (academic),23,behavior,0.010761625562144248,11,339,339
capability,arxiv,arXiv (academic),24,function,0.010411268423386208,11,339,339
capability,arxiv,arXiv (academic),25,role,0.010240435323026643,11,339,339
capability,arxiv,arXiv (academic),26,technique,0.010076880629910993,11,339,339
capability,arxiv,arXiv (academic),27,system,0.009981279609040682,11,339,339
capability,arxiv,arXiv (academic),28,level,0.009915752051953408,11,339,339
capability,arxiv,arXiv (academic),29,application,0.009728489185843642,11,339,339
capability,arxiv,arXiv (academic),30,resources,0.009716472279538963,11,339,339
capability,arxiv,arXiv (academic),31,results,0.009049465671108608,11,339,339
capability,arxiv,arXiv (academic),32,problem,0.008808492701271705,11,339,339
capability,arxiv,arXiv (academic),33,effects,0.008544329915934384,11,339,339
capability,arxiv,arXiv (academic),34,needs,0.008410015004085586,11,339,339
capability,arxiv,arXiv (academic),35,ease,0.008199810008493591,11,339,339
capability,arxiv,arXiv (academic),36,intelligence,0.00819852620038134,11,339,339
capability,arxiv,arXiv (academic),37,possibility,0.00794124740444675,11,339,339
capability,arxiv,arXiv (academic),38,tasks,0.007931662997110829,11,339,339
capability,arxiv,arXiv (academic),39,support,0.007668659763430945,11,339,339
capability,arxiv,arXiv (academic),40,features,0.007343682326305411,11,339,339
capability,arxiv,arXiv (academic),41,probability,0.00723235198239682,11,339,339
capability,arxiv,arXiv (academic),42,strengths,0.007142132401951905,11,339,339
capability,arxiv,arXiv (academic),43,need,0.0071403330779238345,11,339,339
capability,arxiv,arXiv (academic),44,strategies,0.006989747403543683,11,339,339
capability,arxiv,arXiv (academic),45,used,0.0069422694839033966,11,339,339
capability,arxiv,arXiv (academic),46,importance,0.0069147559635509516,11,339,339
capability,arxiv,arXiv (academic),47,task,0.006825289525997899,11,339,339
capability,arxiv,arXiv (academic),48,speed,0.006771649198574417,11,339,339
capability,arxiv,arXiv (academic),49,algorithm,0.006757560843958268,11,339,339
capability,arxiv,arXiv (academic),50,advantage,0.006381856901774566,11,339,339
control,NYT,New York Times (public news),1,use,0.07935195946972322,11,423,423
control,NYT,New York Times (public news),2,influence,0.044099670618962215,11,423,423
control,NYT,New York Times (public news),3,development,0.03962474491461845,11,423,423
control,NYT,New York Times (public news),4,advantage,0.03920021471301528,11,423,423
control,NYT,New York Times (public news),5,power,0.037636366329295,11,423,423
control,NYT,New York Times (public news),6,run,0.029627149816225058,11,423,423
control,NYT,New York Times (public news),7,provide,0.028671840341326034,11,423,423
control,NYT,New York Times (public news),8,operate,0.026313025175953585,11,423,423
control,NYT,New York Times (public news),9,access,0.024224454481196533,11,423,423
control,NYT,New York Times (public news),10,ownership,0.022536875420937186,11,423,423
control,NYT,New York Times (public news),11,design,0.02137656812907023,11,423,423
control,NYT,New York Times (public news),12,create,0.020770018211845587,11,423,423
control,NYT,New York Times (public news),13,find,0.020738214943903176,11,423,423
control,NYT,New York Times (public news),14,charge,0.020477002298791364,11,423,423
control,NYT,New York Times (public news),15,change,0.01872605294982248,11,423,423
control,NYT,New York Times (public news),16,watch,0.018389601052406116,11,423,423
control,NYT,New York Times (public news),17,see,0.018279288694154898,11,423,423
control,NYT,New York Times (public news),18,hand,0.01804959615900056,11,423,423
control,NYT,New York Times (public news),19,improve,0.018012377149207837,11,423,423
control,NYT,New York Times (public news),20,explain,0.017907484135899186,11,423,423
control,NYT,New York Times (public news),21,build,0.017836767143323756,11,423,423
control,NYT,New York Times (public news),22,operating,0.017197390635180637,11,423,423
control,NYT,New York Times (public news),23,manage,0.01706505892508723,11,423,423
control,NYT,New York Times (public news),24,dominate,0.016798561228630007,11,423,423
control,NYT,New York Times (public news),25,cut,0.01679425326670682,11,423,423
control,NYT,New York Times (public news),26,date,0.016418905174127415,11,423,423
control,NYT,New York Times (public news),27,management,0.0162678383746959,11,423,423
control,NYT,New York Times (public news),28,understand,0.016203522512649535,11,423,423
control,NYT,New York Times (public news),29,ban,0.016133786885220762,11,423,423
control,NYT,New York Times (public news),30,controls,0.0160885472618142,11,423,423
control,NYT,New York Times (public news),31,share,0.015840619127572782,11,423,423
control,NYT,New York Times (public news),32,front,0.01570595376930447,11,423,423
control,NYT,New York Times (public news),33,support,0.015199047766195057,11,423,423
control,NYT,New York Times (public news),34,develop,0.015194360854465292,11,423,423
control,NYT,New York Times (public news),35,information,0.015174480120934615,11,423,423
control,NYT,New York Times (public news),36,production,0.015037233757322232,11,423,423
control,NYT,New York Times (public news),37,detect,0.014650193938090014,11,423,423
control,NYT,New York Times (public news),38,research,0.014205867328512967,11,423,423
control,NYT,New York Times (public news),39,determine,0.014133886407568694,11,423,423
control,NYT,New York Times (public news),40,gain,0.013713560156418931,11,423,423
control,NYT,New York Times (public news),41,photos,0.013280097410599373,11,423,423
control,NYT,New York Times (public news),42,care,0.013028136384738489,11,423,423
control,NYT,New York Times (public news),43,reach,0.012833414821171157,11,423,423
control,NYT,New York Times (public news),44,pictures,0.012597402580281376,11,423,423
control,NYT,New York Times (public news),45,most,0.01224314496704525,11,423,423
control,NYT,New York Times (public news),46,technology,0.011777331206704607,11,423,423
control,NYT,New York Times (public news),47,security,0.01132415477068088,11,423,423
control,NYT,New York Times (public news),48,knowledge,0.011157691985876137,11,423,423
control,NYT,New York Times (public news),49,much,0.011124324096334666,11,423,423
control,NYT,New York Times (public news),50,leadership,0.01096196213739247,11,423,423
control,WSJ,Wall Street Journal (business news),1,use,0.08580189146521389,11,256,256
control,WSJ,Wall Street Journal (business news),2,over,0.06857056457558602,11,256,256
control,WSJ,Wall Street Journal (business news),3,power,0.04682862869011543,11,256,256
control,WSJ,Wall Street Journal (business news),4,knowledge,0.04204407546495502,11,256,256
control,WSJ,Wall Street Journal (business news),5,support,0.0380108524044334,11,256,256
control,WSJ,Wall Street Journal (business news),6,drive,0.03157031125234027,11,256,256
control,WSJ,Wall Street Journal (business news),7,share,0.02924161504891977,11,256,256
control,WSJ,Wall Street Journal (business news),8,ownership,0.02917689337768608,11,256,256
control,WSJ,Wall Street Journal (business news),9,develop,0.026850836260107445,11,256,256
control,WSJ,Wall Street Journal (business news),10,influence,0.023833486089431578,11,256,256
control,WSJ,Wall Street Journal (business news),11,understand,0.023615577532933193,11,256,256
control,WSJ,Wall Street Journal (business news),12,make,0.02255305859681901,11,256,256
control,WSJ,Wall Street Journal (business news),13,ai,0.022185977125066588,11,256,256
control,WSJ,Wall Street Journal (business news),14,rights,0.021765988937632163,11,256,256
control,WSJ,Wall Street Journal (business news),15,care,0.021291850327777567,11,256,256
control,WSJ,Wall Street Journal (business news),16,operate,0.020315318358085855,11,256,256
control,WSJ,Wall Street Journal (business news),17,integrate,0.02009520911175993,11,256,256
control,WSJ,Wall Street Journal (business news),18,management,0.020023433318511807,11,256,256
control,WSJ,Wall Street Journal (business news),19,understanding,0.01945983094126489,11,256,256
control,WSJ,Wall Street Journal (business news),20,import,0.01756405529400601,11,256,256
control,WSJ,Wall Street Journal (business news),21,information,0.01755173096723936,11,256,256
control,WSJ,Wall Street Journal (business news),22,manage,0.01740198665831556,11,256,256
control,WSJ,Wall Street Journal (business news),23,leadership,0.01681010707464907,11,256,256
control,WSJ,Wall Street Journal (business news),24,create,0.01624544806102161,11,256,256
control,WSJ,Wall Street Journal (business news),25,reduce,0.015616398968143111,11,256,256
control,WSJ,Wall Street Journal (business news),26,security,0.014920227484358405,11,256,256
control,WSJ,Wall Street Journal (business news),27,dominance,0.014220209310011986,11,256,256
control,WSJ,Wall Street Journal (business news),28,scratch,0.01409482103962661,11,256,256
control,WSJ,Wall Street Journal (business news),29,build,0.013567111078002545,11,256,256
control,WSJ,Wall Street Journal (business news),30,transform,0.012960456052294995,11,256,256
control,WSJ,Wall Street Journal (business news),31,risk,0.0126396678549956,11,256,256
control,WSJ,Wall Street Journal (business news),32,technical,0.012039749356133651,11,256,256
control,WSJ,Wall Street Journal (business news),33,awareness,0.012013688117452485,11,256,256
control,WSJ,Wall Street Journal (business news),34,dozens,0.011981646383429375,11,256,256
control,WSJ,Wall Street Journal (business news),35,notice,0.011873847119086171,11,256,256
control,WSJ,Wall Street Journal (business news),36,data,0.011327582321562136,11,256,256
control,WSJ,Wall Street Journal (business news),37,run,0.011288124631631579,11,256,256
control,WSJ,Wall Street Journal (business news),38,controls,0.011240797521100916,11,256,256
control,WSJ,Wall Street Journal (business news),39,monitor,0.010853349849177097,11,256,256
control,WSJ,Wall Street Journal (business news),40,design,0.010790468540964672,11,256,256
control,WSJ,Wall Street Journal (business news),41,funding,0.01078365953207569,11,256,256
control,WSJ,Wall Street Journal (business news),42,reach,0.010206768061169252,11,256,256
control,WSJ,Wall Street Journal (business news),43,find,0.01009834410825051,11,256,256
control,WSJ,Wall Street Journal (business news),44,development,0.010093700457125212,11,256,256
control,WSJ,Wall Street Journal (business news),45,calls,0.010002210601132098,11,256,256
control,WSJ,Wall Street Journal (business news),46,authority,0.00998569786605242,11,256,256
control,WSJ,Wall Street Journal (business news),47,assurance,0.009903595967290992,11,256,256
control,WSJ,Wall Street Journal (business news),48,technology,0.009730201774132651,11,256,256
control,WSJ,Wall Street Journal (business news),49,leverage,0.00952759986198197,11,256,256
control,WSJ,Wall Street Journal (business news),50,change,0.009431349208946537,11,256,256
control,arxiv,arXiv (academic),1,learning,0.10280828666676643,11,1583,500
control,arxiv,arXiv (academic),2,design,0.05109664582486834,11,1583,500
control,arxiv,arXiv (academic),3,analysis,0.03496885639196285,11,1583,500
control,arxiv,arXiv (academic),4,management,0.03322238131598682,11,1583,500
control,arxiv,arXiv (academic),5,use,0.03247922017338485,11,1583,500
control,arxiv,arXiv (academic),6,network,0.032157486680678006,11,1583,500
control,arxiv,arXiv (academic),7,ai,0.03172754982650101,11,1583,500
control,arxiv,arXiv (academic),8,systems,0.03055967568049202,11,1583,500
control,arxiv,arXiv (academic),9,simulation,0.029790510115512,11,1583,500
control,arxiv,arXiv (academic),10,software,0.026800658827054902,11,1583,500
control,arxiv,arXiv (academic),11,model,0.02578819930907958,11,1583,500
control,arxiv,arXiv (academic),12,optimization,0.02150964728428306,11,1583,500
control,arxiv,arXiv (academic),13,networks,0.020416222587319486,11,1583,500
control,arxiv,arXiv (academic),14,detection,0.019591644223559423,11,1583,500
control,arxiv,arXiv (academic),15,power,0.019030258716661707,11,1583,500
control,arxiv,arXiv (academic),16,information,0.01877070851273075,11,1583,500
control,arxiv,arXiv (academic),17,engineering,0.018765756442469434,11,1583,500
control,arxiv,arXiv (academic),18,training,0.018747746913904753,11,1583,500
control,arxiv,arXiv (academic),19,robotics,0.017300781254906483,11,1583,500
control,arxiv,arXiv (academic),20,performance,0.017076985694317356,11,1583,500
control,arxiv,arXiv (academic),21,computational,0.016753864455829343,11,1583,500
control,arxiv,arXiv (academic),22,applications,0.016327573960255387,11,1583,500
control,arxiv,arXiv (academic),23,processing,0.016282845429247888,11,1583,500
control,arxiv,arXiv (academic),24,game,0.016222594153214597,11,1583,500
control,arxiv,arXiv (academic),25,computer,0.01605961951682815,11,1583,500
control,arxiv,arXiv (academic),26,nervous,0.01573508346566817,11,1583,500
control,arxiv,arXiv (academic),27,development,0.01550766586295929,11,1583,500
control,arxiv,arXiv (academic),28,modeling,0.015424504924128536,11,1583,500
control,arxiv,arXiv (academic),29,neural,0.015324537995250012,11,1583,500
control,arxiv,arXiv (academic),30,allocation,0.015296345219496566,11,1583,500
control,arxiv,arXiv (academic),31,programming,0.015270786201696203,11,1583,500
control,arxiv,arXiv (academic),32,communication,0.015039830162128233,11,1583,500
control,arxiv,arXiv (academic),33,function,0.014887121197719259,11,1583,500
control,arxiv,arXiv (academic),34,computing,0.014830819641904051,11,1583,500
control,arxiv,arXiv (academic),35,support,0.01311466383484912,11,1583,500
control,arxiv,arXiv (academic),36,hardware,0.012526008573162632,11,1583,500
control,arxiv,arXiv (academic),37,time,0.012293722543729794,11,1583,500
control,arxiv,arXiv (academic),38,behavior,0.012152300586504121,11,1583,500
control,arxiv,arXiv (academic),39,problem,0.011679452544537455,11,1583,500
control,arxiv,arXiv (academic),40,perform,0.011622090255847605,11,1583,500
control,arxiv,arXiv (academic),41,reward,0.011594404565809192,11,1583,500
control,arxiv,arXiv (academic),42,system,0.011197675232912166,11,1583,500
control,arxiv,arXiv (academic),43,application,0.010898657883898301,11,1583,500
control,arxiv,arXiv (academic),44,based,0.010868127641176324,11,1583,500
control,arxiv,arXiv (academic),45,test,0.010756992258891963,11,1583,500
control,arxiv,arXiv (academic),46,models,0.010674906874262313,11,1583,500
control,arxiv,arXiv (academic),47,search,0.010593552329024843,11,1583,500
control,arxiv,arXiv (academic),48,brain,0.009548493824998287,11,1583,500
control,arxiv,arXiv (academic),49,technology,0.00951900549339923,11,1583,500
control,arxiv,arXiv (academic),50,access,0.009387530928231596,11,1583,500
creativity,NYT,New York Times (public news),1,intelligence,0.07131357026242517,11,113,113
creativity,NYT,New York Times (public news),2,linguistics,0.05005648959940061,11,113,113
creativity,NYT,New York Times (public news),3,art,0.0425502595757709,11,113,113
creativity,NYT,New York Times (public news),4,life,0.040368881853022585,11,113,113
creativity,NYT,New York Times (public news),5,form,0.039250335215159374,11,113,113
creativity,NYT,New York Times (public news),6,ai,0.038733324266393525,11,113,113
creativity,NYT,New York Times (public news),7,innovation,0.03529371237765089,11,113,113
creativity,NYT,New York Times (public news),8,behavior,0.03395354446523352,11,113,113
creativity,NYT,New York Times (public news),9,science,0.030351443246405804,11,113,113
creativity,NYT,New York Times (public news),10,knowledge,0.02742908931555163,11,113,113
creativity,NYT,New York Times (public news),11,technology,0.02634997140354619,11,113,113
creativity,NYT,New York Times (public news),12,history,0.02464397501130438,11,113,113
creativity,NYT,New York Times (public news),13,power,0.02454071280322298,11,113,113
creativity,NYT,New York Times (public news),14,nature,0.024206559207352405,11,113,113
creativity,NYT,New York Times (public news),15,experience,0.02127374492296501,11,113,113
creativity,NYT,New York Times (public news),16,breaking,0.020742980340540132,11,113,113
creativity,NYT,New York Times (public news),17,computing,0.020205009196211134,11,113,113
creativity,NYT,New York Times (public news),18,cognition,0.020166757047545402,11,113,113
creativity,NYT,New York Times (public news),19,spontaneous,0.01848190444604269,11,113,113
creativity,NYT,New York Times (public news),20,language,0.016952201404294844,11,113,113
creativity,NYT,New York Times (public news),21,learning,0.016727126914902805,11,113,113
creativity,NYT,New York Times (public news),22,energy,0.01669385795885915,11,113,113
creativity,NYT,New York Times (public news),23,trafficking,0.016164538369146428,11,113,113
creativity,NYT,New York Times (public news),24,rights,0.01607065512196724,11,113,113
creativity,NYT,New York Times (public news),25,confidence,0.015941702925777793,11,113,113
creativity,NYT,New York Times (public news),26,consciousness,0.015390470173415494,11,113,113
creativity,NYT,New York Times (public news),27,humor,0.014192251246269865,11,113,113
creativity,NYT,New York Times (public news),28,efficiency,0.013350809270843018,11,113,113
creativity,NYT,New York Times (public news),29,productivity,0.013137054491377627,11,113,113
creativity,NYT,New York Times (public news),30,success,0.012845626233065436,11,113,113
creativity,NYT,New York Times (public news),31,training,0.012845517851523793,11,113,113
creativity,NYT,New York Times (public news),32,humanity,0.012832309503003382,11,113,113
creativity,NYT,New York Times (public news),33,data,0.012398852102217948,11,113,113
creativity,NYT,New York Times (public news),34,skills,0.01216267254602116,11,113,113
creativity,NYT,New York Times (public news),35,education,0.012084188871336502,11,113,113
creativity,NYT,New York Times (public news),36,understanding,0.011889828583738906,11,113,113
creativity,NYT,New York Times (public news),37,achievement,0.01175616734042305,11,113,113
creativity,NYT,New York Times (public news),38,brain,0.011690825586208155,11,113,113
creativity,NYT,New York Times (public news),39,information,0.011338009896416411,11,113,113
creativity,NYT,New York Times (public news),40,communication,0.011196371415175842,11,113,113
creativity,NYT,New York Times (public news),41,culture,0.010961283309980975,11,113,113
creativity,NYT,New York Times (public news),42,society,0.010952947052813368,11,113,113
creativity,NYT,New York Times (public news),43,beings,0.010789834347807361,11,113,113
creativity,NYT,New York Times (public news),44,quality,0.010768580619092341,11,113,113
creativity,NYT,New York Times (public news),45,progress,0.009956835483243645,11,113,113
creativity,NYT,New York Times (public news),46,memory,0.009950807331782337,11,113,113
creativity,NYT,New York Times (public news),47,millions,0.00987149128775494,11,113,113
creativity,NYT,New York Times (public news),48,imagination,0.00977231126600492,11,113,113
creativity,NYT,New York Times (public news),49,civilization,0.00974605719350218,11,113,113
creativity,NYT,New York Times (public news),50,interest,0.009656549746288772,11,113,113
creativity,arxiv,arXiv (academic),1,learning,0.11878758499447864,11,208,208
creativity,arxiv,arXiv (academic),2,complexity,0.10572704009336034,11,208,208
creativity,arxiv,arXiv (academic),3,intelligence,0.06313350963252778,11,208,208
creativity,arxiv,arXiv (academic),4,linguistics,0.03846280988691603,11,208,208
creativity,arxiv,arXiv (academic),5,performance,0.03806758652422468,11,208,208
creativity,arxiv,arXiv (academic),6,design,0.03551145727101725,11,208,208
creativity,arxiv,arXiv (academic),7,behavior,0.02806867083292699,11,208,208
creativity,arxiv,arXiv (academic),8,ai,0.027067243750998775,11,208,208
creativity,arxiv,arXiv (academic),9,modeling,0.024384609581235582,11,208,208
creativity,arxiv,arXiv (academic),10,analysis,0.023942446722567706,11,208,208
creativity,arxiv,arXiv (academic),11,knowledge,0.022875709569415256,11,208,208
creativity,arxiv,arXiv (academic),12,development,0.02237285472211765,11,208,208
creativity,arxiv,arXiv (academic),13,inference,0.02216973691285385,11,208,208
creativity,arxiv,arXiv (academic),14,models,0.021964445993431232,11,208,208
creativity,arxiv,arXiv (academic),15,science,0.02001808736748632,11,208,208
creativity,arxiv,arXiv (academic),16,research,0.018650044269486677,11,208,208
creativity,arxiv,arXiv (academic),17,music,0.018411558474958446,11,208,208
creativity,arxiv,arXiv (academic),18,art,0.01704488447605895,11,208,208
creativity,arxiv,arXiv (academic),19,reasoning,0.015606232850874773,11,208,208
creativity,arxiv,arXiv (academic),20,methods,0.015480237278910793,11,208,208
creativity,arxiv,arXiv (academic),21,geometry,0.015046251791281776,11,208,208
creativity,arxiv,arXiv (academic),22,there,0.014847046417832575,11,208,208
creativity,arxiv,arXiv (academic),23,memory,0.013047232348271227,11,208,208
creativity,arxiv,arXiv (academic),24,neuroscience,0.012160215756433697,11,208,208
creativity,arxiv,arXiv (academic),25,mathematics,0.011661948815957906,11,208,208
creativity,arxiv,arXiv (academic),26,efficiency,0.011609574169321565,11,208,208
creativity,arxiv,arXiv (academic),27,communication,0.011400014060317024,11,208,208
creativity,arxiv,arXiv (academic),28,systems,0.011371712195719997,11,208,208
creativity,arxiv,arXiv (academic),29,input,0.011368569150353693,11,208,208
creativity,arxiv,arXiv (academic),30,information,0.010973493370258734,11,208,208
creativity,arxiv,arXiv (academic),31,cognition,0.01095402782099283,11,208,208
creativity,arxiv,arXiv (academic),32,quality,0.010245510479075516,11,208,208
creativity,arxiv,arXiv (academic),33,algorithms,0.010190459194588403,11,208,208
creativity,arxiv,arXiv (academic),34,resources,0.010090762881356238,11,208,208
creativity,arxiv,arXiv (academic),35,problems,0.01005342634883034,11,208,208
creativity,arxiv,arXiv (academic),36,model,0.009735838490364893,11,208,208
creativity,arxiv,arXiv (academic),37,productivity,0.009559714207058978,11,208,208
creativity,arxiv,arXiv (academic),38,how,0.009305416048925128,11,208,208
creativity,arxiv,arXiv (academic),39,biology,0.009300610394663,11,208,208
creativity,arxiv,arXiv (academic),40,power,0.008969862088155046,11,208,208
creativity,arxiv,arXiv (academic),41,operation,0.008946695487123237,11,208,208
creativity,arxiv,arXiv (academic),42,theory,0.008336740762277452,11,208,208
creativity,arxiv,arXiv (academic),43,accuracy,0.008325548770337043,11,208,208
creativity,arxiv,arXiv (academic),44,language,0.008200544477248464,11,208,208
creativity,arxiv,arXiv (academic),45,law,0.008077875359797291,11,208,208
creativity,arxiv,arXiv (academic),46,potential,0.007908725817746745,11,208,208
creativity,arxiv,arXiv (academic),47,graphics,0.007861893322506596,11,208,208
creativity,arxiv,arXiv (academic),48,technology,0.007795704799366597,11,208,208
creativity,arxiv,arXiv (academic),49,realism,0.007566604179905362,11,208,208
creativity,arxiv,arXiv (academic),50,computing,0.007341229788084659,11,208,208
decision,NYT,New York Times (public news),1,ability,0.05632859689988088,11,206,206
decision,NYT,New York Times (public news),2,desire,0.04940397663875107,11,206,206
decision,NYT,New York Times (public news),3,film,0.04294333866567226,11,206,206
decision,NYT,New York Times (public news),4,inability,0.0356886115426267,11,206,206
decision,NYT,New York Times (public news),5,choice,0.03131652904369816,11,206,206
decision,NYT,New York Times (public news),6,proposal,0.03103373166081062,11,206,206
decision,NYT,New York Times (public news),7,announcement,0.029058405538890577,11,206,206
decision,NYT,New York Times (public news),8,plan,0.02849430224130687,11,206,206
decision,NYT,New York Times (public news),9,ruling,0.026864180806096125,11,206,206
decision,NYT,New York Times (public news),10,university,0.026338547369773112,11,206,206
decision,NYT,New York Times (public news),11,case,0.02633099876852686,11,206,206
decision,NYT,New York Times (public news),12,work,0.025829019490704912,11,206,206
decision,NYT,New York Times (public news),13,move,0.025641138008865395,11,206,206
decision,NYT,New York Times (public news),14,company,0.025525009237794723,11,206,206
decision,NYT,New York Times (public news),15,life,0.02358615820091563,11,206,206
decision,NYT,New York Times (public news),16,policy,0.02254839125574329,11,206,206
decision,NYT,New York Times (public news),17,failure,0.02250749677303415,11,206,206
decision,NYT,New York Times (public news),18,resource,0.021368261787017884,11,206,206
decision,NYT,New York Times (public news),19,process,0.02115327962272583,11,206,206
decision,NYT,New York Times (public news),20,position,0.02040924035120345,11,206,206
decision,NYT,New York Times (public news),21,money,0.019191876516348638,11,206,206
decision,NYT,New York Times (public news),22,idea,0.018860564922895614,11,206,206
decision,NYT,New York Times (public news),23,need,0.018711317714668278,11,206,206
decision,NYT,New York Times (public news),24,fate,0.01828393279850709,11,206,206
decision,NYT,New York Times (public news),25,attempt,0.01783043856137452,11,206,206
decision,NYT,New York Times (public news),26,promise,0.017384625592017023,11,206,206
decision,NYT,New York Times (public news),27,refusal,0.017299255712486594,11,206,206
decision,NYT,New York Times (public news),28,project,0.016957225951787638,11,206,206
decision,NYT,New York Times (public news),29,legacy,0.015880840842927544,11,206,206
decision,NYT,New York Times (public news),30,phone,0.014643829948973324,11,206,206
decision,NYT,New York Times (public news),31,call,0.014070348149594911,11,206,206
decision,NYT,New York Times (public news),32,statement,0.013535099472058434,11,206,206
decision,NYT,New York Times (public news),33,video,0.013490409112652233,11,206,206
decision,NYT,New York Times (public news),34,system,0.013388947528463207,11,206,206
decision,NYT,New York Times (public news),35,mistake,0.013307349942706166,11,206,206
decision,NYT,New York Times (public news),36,meeting,0.013184426881498228,11,206,206
decision,NYT,New York Times (public news),37,resignation,0.012433832183539023,11,206,206
decision,NYT,New York Times (public news),38,opinion,0.012285986273188597,11,206,206
decision,NYT,New York Times (public news),39,telephone,0.01223110833191393,11,206,206
decision,NYT,New York Times (public news),40,question,0.011984889766634838,11,206,206
decision,NYT,New York Times (public news),41,deal,0.011774369186598915,11,206,206
decision,NYT,New York Times (public news),42,sell,0.011735337405711291,11,206,206
decision,NYT,New York Times (public news),43,efforts,0.010860997317219647,11,206,206
decision,NYT,New York Times (public news),44,effort,0.010369557940325807,11,206,206
decision,NYT,New York Times (public news),45,computer,0.010049433343398863,11,206,206
decision,NYT,New York Times (public news),46,difference,0.009854885335391689,11,206,206
decision,NYT,New York Times (public news),47,robot,0.009624388803319697,11,206,206
decision,NYT,New York Times (public news),48,identification,0.009584235665137152,11,206,206
decision,NYT,New York Times (public news),49,program,0.009471039875582532,11,206,206
decision,NYT,New York Times (public news),50,needed,0.009350235019040582,11,206,206
decision,WSJ,Wall Street Journal (business news),1,policy,0.05202944499489679,11,174,174
decision,WSJ,Wall Street Journal (business news),2,attempt,0.03740693433852122,11,174,174
decision,WSJ,Wall Street Journal (business news),3,ability,0.03661099495592481,11,174,174
decision,WSJ,Wall Street Journal (business news),4,mistake,0.034970813629976755,11,174,174
decision,WSJ,Wall Street Journal (business news),5,ai,0.03272045157117616,11,174,174
decision,WSJ,Wall Street Journal (business news),6,actions,0.030782504645327724,11,174,174
decision,WSJ,Wall Street Journal (business news),7,choice,0.02934728436370058,11,174,174
decision,WSJ,Wall Street Journal (business news),8,map,0.029095821395803335,11,174,174
decision,WSJ,Wall Street Journal (business news),9,problem,0.029091634878589248,11,174,174
decision,WSJ,Wall Street Journal (business news),10,comment,0.02906731083312192,11,174,174
decision,WSJ,Wall Street Journal (business news),11,process,0.026916737407064684,11,174,174
decision,WSJ,Wall Street Journal (business news),12,change,0.026588017254917964,11,174,174
decision,WSJ,Wall Street Journal (business news),13,ball,0.025689542023200524,11,174,174
decision,WSJ,Wall Street Journal (business news),14,plan,0.024283142515286824,11,174,174
decision,WSJ,Wall Street Journal (business news),15,need,0.023252972152663812,11,174,174
decision,WSJ,Wall Street Journal (business news),16,move,0.023180223095969316,11,174,174
decision,WSJ,Wall Street Journal (business news),17,report,0.023163278256081776,11,174,174
decision,WSJ,Wall Street Journal (business news),18,proposal,0.02221800199072256,11,174,174
decision,WSJ,Wall Street Journal (business news),19,conspiracy,0.02197068798148117,11,174,174
decision,WSJ,Wall Street Journal (business news),20,statement,0.021619758533110753,11,174,174
decision,WSJ,Wall Street Journal (business news),21,plans,0.020872777127961303,11,174,174
decision,WSJ,Wall Street Journal (business news),22,computer,0.018593598706656077,11,174,174
decision,WSJ,Wall Street Journal (business news),23,life,0.018499600506856395,11,174,174
decision,WSJ,Wall Street Journal (business news),24,opinion,0.017986044861047136,11,174,174
decision,WSJ,Wall Street Journal (business news),25,goal,0.017955181849501584,11,174,174
decision,WSJ,Wall Street Journal (business news),26,conclusion,0.017355075885008214,11,174,174
decision,WSJ,Wall Street Journal (business news),27,request,0.017308461740746867,11,174,174
decision,WSJ,Wall Street Journal (business news),28,announcement,0.017030661095761103,11,174,174
decision,WSJ,Wall Street Journal (business news),29,decisions,0.01701778172518673,11,174,174
decision,WSJ,Wall Street Journal (business news),30,failure,0.01661660680781042,11,174,174
decision,WSJ,Wall Street Journal (business news),31,information,0.016603924227691424,11,174,174
decision,WSJ,Wall Street Journal (business news),32,rejection,0.015376727868384671,11,174,174
decision,WSJ,Wall Street Journal (business news),33,strategy,0.014658308762572916,11,174,174
decision,WSJ,Wall Street Journal (business news),34,game,0.01438037398568534,11,174,174
decision,WSJ,Wall Street Journal (business news),35,issue,0.013619746289873776,11,174,174
decision,WSJ,Wall Street Journal (business news),36,money,0.013006580092741405,11,174,174
decision,WSJ,Wall Street Journal (business news),37,design,0.012599173198287841,11,174,174
decision,WSJ,Wall Street Journal (business news),38,human,0.012382777303891907,11,174,174
decision,WSJ,Wall Street Journal (business news),39,difference,0.012299340302679618,11,174,174
decision,WSJ,Wall Street Journal (business news),40,efforts,0.012085794080446667,11,174,174
decision,WSJ,Wall Street Journal (business news),41,program,0.011496089817404553,11,174,174
decision,WSJ,Wall Street Journal (business news),42,success,0.011168565887541886,11,174,174
decision,WSJ,Wall Street Journal (business news),43,call,0.010820548655834032,11,174,174
decision,WSJ,Wall Street Journal (business news),44,conclusions,0.010653208058076648,11,174,174
decision,WSJ,Wall Street Journal (business news),45,attempts,0.010277728980778906,11,174,174
decision,WSJ,Wall Street Journal (business news),46,research,0.010071931698641113,11,174,174
decision,WSJ,Wall Street Journal (business news),47,position,0.009932556578060442,11,174,174
decision,WSJ,Wall Street Journal (business news),48,idea,0.009803570857630993,11,174,174
decision,WSJ,Wall Street Journal (business news),49,system,0.009784010310860963,11,174,174
decision,WSJ,Wall Street Journal (business news),50,offer,0.009737695918840796,11,174,174
decision,arxiv,arXiv (academic),1,chain,0.12123750410951954,11,2052,500
decision,arxiv,arXiv (academic),2,model,0.10089323013965058,11,2052,500
decision,arxiv,arXiv (academic),3,learning,0.09021636168966582,11,2052,500
decision,arxiv,arXiv (academic),4,phylogenetic,0.0445993637892586,11,2052,500
decision,arxiv,arXiv (academic),5,decisions,0.03829509761082983,11,2052,500
decision,arxiv,arXiv (academic),6,data,0.03146043560702968,11,2052,500
decision,arxiv,arXiv (academic),7,information,0.03139949356241696,11,2052,500
decision,arxiv,arXiv (academic),8,health,0.02850438732133905,11,2052,500
decision,arxiv,arXiv (academic),9,policy,0.02800440186408842,11,2052,500
decision,arxiv,arXiv (academic),10,knowledge,0.023967653465073388,11,2052,500
decision,arxiv,arXiv (academic),11,choice,0.021969279463466985,11,2052,500
decision,arxiv,arXiv (academic),12,random,0.021775411667996403,11,2052,500
decision,arxiv,arXiv (academic),13,spanning,0.018609992098376306,11,2052,500
decision,arxiv,arXiv (academic),14,neural,0.01605162597154427,11,2052,500
decision,arxiv,arXiv (academic),15,optimization,0.015869363381106113,11,2052,500
decision,arxiv,arXiv (academic),16,search,0.015730929416043343,11,2052,500
decision,arxiv,arXiv (academic),17,network,0.015135566611906284,11,2052,500
decision,arxiv,arXiv (academic),18,robot,0.014114662251462615,11,2052,500
decision,arxiv,arXiv (academic),19,process,0.0134546629134637,11,2052,500
decision,arxiv,arXiv (academic),20,feedback,0.013395324773244704,11,2052,500
decision,arxiv,arXiv (academic),21,rule,0.012666000191769815,11,2052,500
decision,arxiv,arXiv (academic),22,control,0.012067467844798348,11,2052,500
decision,arxiv,arXiv (academic),23,communication,0.012043802617809228,11,2052,500
decision,arxiv,arXiv (academic),24,life,0.011566979313005273,11,2052,500
decision,arxiv,arXiv (academic),25,age,0.011558587975229746,11,2052,500
decision,arxiv,arXiv (academic),26,choices,0.011471288869415536,11,2052,500
decision,arxiv,arXiv (academic),27,trial,0.011062305026087432,11,2052,500
decision,arxiv,arXiv (academic),28,computational,0.010903021529857785,11,2052,500
decision,arxiv,arXiv (academic),29,computer,0.010759208540220392,11,2052,500
decision,arxiv,arXiv (academic),30,healthcare,0.010489327911596435,11,2052,500
decision,arxiv,arXiv (academic),31,binary,0.010054749049968446,11,2052,500
decision,arxiv,arXiv (academic),32,solution,0.009928116867785558,11,2052,500
decision,arxiv,arXiv (academic),33,concept,0.009781541696596435,11,2052,500
decision,arxiv,arXiv (academic),34,research,0.00976517215134072,11,2052,500
decision,arxiv,arXiv (academic),35,management,0.009569474785750392,11,2052,500
decision,arxiv,arXiv (academic),36,performance,0.009345617297469294,11,2052,500
decision,arxiv,arXiv (academic),37,complex,0.009244045546515168,11,2052,500
decision,arxiv,arXiv (academic),38,diagnosis,0.009243288096210774,11,2052,500
decision,arxiv,arXiv (academic),39,self,0.009122513927248273,11,2052,500
decision,arxiv,arXiv (academic),40,market,0.009080912708481421,11,2052,500
decision,arxiv,arXiv (academic),41,system,0.009042060016791692,11,2052,500
decision,arxiv,arXiv (academic),42,mathematical,0.009024063427310734,11,2052,500
decision,arxiv,arXiv (academic),43,approach,0.008824756059281487,11,2052,500
decision,arxiv,arXiv (academic),44,function,0.008651989677443446,11,2052,500
decision,arxiv,arXiv (academic),45,social,0.008553945776350163,11,2052,500
decision,arxiv,arXiv (academic),46,next,0.008535443453852952,11,2052,500
decision,arxiv,arXiv (academic),47,ai,0.008482863126088936,11,2052,500
decision,arxiv,arXiv (academic),48,transition,0.00820509119557148,11,2052,500
decision,arxiv,arXiv (academic),49,state,0.008145767509206422,11,2052,500
decision,arxiv,arXiv (academic),50,goal,0.008125850103463193,11,2052,500
fairness,arxiv,arXiv (academic),1,performance,0.09715232502045502,11,485,485
fairness,arxiv,arXiv (academic),2,bias,0.07072446904000984,11,485,485
fairness,arxiv,arXiv (academic),3,learning,0.04474532806804041,11,485,485
fairness,arxiv,arXiv (academic),4,reliability,0.036183936926681516,11,485,485
fairness,arxiv,arXiv (academic),5,security,0.036125818561817305,11,485,485
fairness,arxiv,arXiv (academic),6,transparency,0.03565183573232456,11,485,485
fairness,arxiv,arXiv (academic),7,problems,0.03143373664564737,11,485,485
fairness,arxiv,arXiv (academic),8,ai,0.030827230350226355,11,485,485
fairness,arxiv,arXiv (academic),9,algorithms,0.02928773795451417,11,485,485
fairness,arxiv,arXiv (academic),10,accuracy,0.028064539977682268,11,485,485
fairness,arxiv,arXiv (academic),11,accountability,0.02800601894246127,11,485,485
fairness,arxiv,arXiv (academic),12,efficiency,0.027596306123908575,11,485,485
fairness,arxiv,arXiv (academic),13,effectiveness,0.027341141654586898,11,485,485
fairness,arxiv,arXiv (academic),14,complexity,0.023325609548477125,11,485,485
fairness,arxiv,arXiv (academic),15,research,0.021317073359906714,11,485,485
fairness,arxiv,arXiv (academic),16,ethics,0.019180622892677555,11,485,485
fairness,arxiv,arXiv (academic),17,design,0.0187636701793638,11,485,485
fairness,arxiv,arXiv (academic),18,integrity,0.018553973733029267,11,485,485
fairness,arxiv,arXiv (academic),19,theory,0.018437562442058707,11,485,485
fairness,arxiv,arXiv (academic),20,quality,0.018079085846898,11,485,485
fairness,arxiv,arXiv (academic),21,context,0.017399570212496534,11,485,485
fairness,arxiv,arXiv (academic),22,systems,0.017307609073066003,11,485,485
fairness,arxiv,arXiv (academic),23,analysis,0.01725341538125716,11,485,485
fairness,arxiv,arXiv (academic),24,data,0.016245253167959835,11,485,485
fairness,arxiv,arXiv (academic),25,results,0.014953721204796837,11,485,485
fairness,arxiv,arXiv (academic),26,safety,0.014773136011841506,11,485,485
fairness,arxiv,arXiv (academic),27,privacy,0.014550682222375206,11,485,485
fairness,arxiv,arXiv (academic),28,information,0.01300334406836578,11,485,485
fairness,arxiv,arXiv (academic),29,models,0.012393456642523804,11,485,485
fairness,arxiv,arXiv (academic),30,development,0.0119276136435015,11,485,485
fairness,arxiv,arXiv (academic),31,consistency,0.011765082199581429,11,485,485
fairness,arxiv,arXiv (academic),32,methods,0.01132867565545387,11,485,485
fairness,arxiv,arXiv (academic),33,behavior,0.011059076019574052,11,485,485
fairness,arxiv,arXiv (academic),34,engineering,0.010730383718539085,11,485,485
fairness,arxiv,arXiv (academic),35,success,0.01061707860467187,11,485,485
fairness,arxiv,arXiv (academic),36,test,0.01051368206295058,11,485,485
fairness,arxiv,arXiv (academic),37,intelligence,0.010357980375925328,11,485,485
fairness,arxiv,arXiv (academic),38,these,0.00977312714802485,11,485,485
fairness,arxiv,arXiv (academic),39,discrimination,0.009526404415124964,11,485,485
fairness,arxiv,arXiv (academic),40,uncertainty,0.009459804997835,11,485,485
fairness,arxiv,arXiv (academic),41,validity,0.009398957246249274,11,485,485
fairness,arxiv,arXiv (academic),42,applications,0.00938516492875734,11,485,485
fairness,arxiv,arXiv (academic),43,health,0.00937328667885737,11,485,485
fairness,arxiv,arXiv (academic),44,control,0.009188769012672543,11,485,485
fairness,arxiv,arXiv (academic),45,optimization,0.008580307521467281,11,485,485
fairness,arxiv,arXiv (academic),46,statistical,0.008018126157159534,11,485,485
fairness,arxiv,arXiv (academic),47,programming,0.007942361551337282,11,485,485
fairness,arxiv,arXiv (academic),48,computing,0.007636526844542891,11,485,485
fairness,arxiv,arXiv (academic),49,errors,0.00739665005933585,11,485,485
fairness,arxiv,arXiv (academic),50,compliance,0.007342730172989294,11,485,485
generation,NYT,New York Times (public news),1,decade,0.0663565345948922,11,319,319
generation,NYT,New York Times (public news),2,century,0.06612412425536592,11,319,319
generation,NYT,New York Times (public news),3,wave,0.06244208382903871,11,319,319
generation,NYT,New York Times (public news),4,set,0.05398525740872553,11,319,319
generation,NYT,New York Times (public news),5,processing,0.04831810480712122,11,319,319
generation,NYT,New York Times (public news),6,gen,0.04099172267716876,11,319,319
generation,NYT,New York Times (public news),7,group,0.03771811896974239,11,319,319
generation,NYT,New York Times (public news),8,version,0.03301188204652823,11,319,319
generation,NYT,New York Times (public news),9,form,0.030623836478774806,11,319,319
generation,NYT,New York Times (public news),10,lifetime,0.028912791580887102,11,319,319
generation,NYT,New York Times (public news),11,computer,0.02810636184123435,11,319,319
generation,NYT,New York Times (public news),12,recognition,0.027237126864140714,11,319,319
generation,NYT,New York Times (public news),13,class,0.02656074873262819,11,319,319
generation,NYT,New York Times (public news),14,type,0.023496115708884168,11,319,319
generation,NYT,New York Times (public news),15,piece,0.022082456360505147,11,319,319
generation,NYT,New York Times (public news),16,series,0.02169576847273659,11,319,319
generation,NYT,New York Times (public news),17,line,0.01928766193502904,11,319,319
generation,NYT,New York Times (public news),18,kind,0.01833027475314076,11,319,319
generation,NYT,New York Times (public news),19,era,0.016032723530657385,11,319,319
generation,NYT,New York Times (public news),20,door,0.01578794492645134,11,319,319
generation,NYT,New York Times (public news),21,world,0.015733454721798847,11,319,319
generation,NYT,New York Times (public news),22,time,0.014928610043019151,11,319,319
generation,NYT,New York Times (public news),23,technology,0.0146377387140898,11,319,319
generation,NYT,New York Times (public news),24,batch,0.013143069779985153,11,319,319
generation,NYT,New York Times (public news),25,phase,0.012618550189091455,11,319,319
generation,NYT,New York Times (public news),26,fleet,0.011971687569139163,11,319,319
generation,NYT,New York Times (public news),27,product,0.011903016937362556,11,319,319
generation,NYT,New York Times (public news),28,country,0.01187655249897438,11,319,319
generation,NYT,New York Times (public news),29,sharing,0.011737676021060524,11,319,319
generation,NYT,New York Times (public news),30,round,0.011649646759470823,11,319,319
generation,NYT,New York Times (public news),31,season,0.011391536983110424,11,319,319
generation,NYT,New York Times (public news),32,field,0.011174592303096911,11,319,319
generation,NYT,New York Times (public news),33,age,0.011042324965825676,11,319,319
generation,NYT,New York Times (public news),34,level,0.011028318651344354,11,319,319
generation,NYT,New York Times (public news),35,family,0.01075363875260122,11,319,319
generation,NYT,New York Times (public news),36,breed,0.010627964960882806,11,319,319
generation,NYT,New York Times (public news),37,editing,0.00962212647241939,11,319,319
generation,NYT,New York Times (public news),38,ever,0.009339578321337971,11,319,319
generation,NYT,New York Times (public news),39,generations,0.008788129923698781,11,319,319
generation,NYT,New York Times (public news),40,year,0.008750617035476482,11,319,319
generation,NYT,New York Times (public news),41,step,0.008462790931325664,11,319,319
generation,NYT,New York Times (public news),42,community,0.008440568383049572,11,319,319
generation,NYT,New York Times (public news),43,development,0.008439095111486754,11,319,319
generation,NYT,New York Times (public news),44,business,0.00833585628303663,11,319,319
generation,NYT,New York Times (public news),45,variety,0.008039227600569077,11,319,319
generation,NYT,New York Times (public news),46,millennium,0.007895183809731017,11,319,319
generation,NYT,New York Times (public news),47,days,0.007805559601694156,11,319,319
generation,NYT,New York Times (public news),48,episode,0.007754386467149931,11,319,319
generation,NYT,New York Times (public news),49,headquarters,0.007604048063677581,11,319,319
generation,NYT,New York Times (public news),50,radio,0.0074028123708412795,11,319,319
generation,WSJ,Wall Street Journal (business news),1,based,0.11183490643114032,11,273,273
generation,WSJ,Wall Street Journal (business news),2,line,0.08810628947690785,11,273,273
generation,WSJ,Wall Street Journal (business news),3,processing,0.05462778623138028,11,273,273
generation,WSJ,Wall Street Journal (business news),4,version,0.051887919334449396,11,273,273
generation,WSJ,Wall Street Journal (business news),5,development,0.03976186346585358,11,273,273
generation,WSJ,Wall Street Journal (business news),6,series,0.033759107663375566,11,273,273
generation,WSJ,Wall Street Journal (business news),7,wave,0.031412365871979625,11,273,273
generation,WSJ,Wall Street Journal (business news),8,set,0.029651809027844134,11,273,273
generation,WSJ,Wall Street Journal (business news),9,learning,0.02708763938837842,11,273,273
generation,WSJ,Wall Street Journal (business news),10,sharing,0.026737498626979817,11,273,273
generation,WSJ,Wall Street Journal (business news),11,level,0.026138147953521478,11,273,273
generation,WSJ,Wall Street Journal (business news),12,gen,0.02585091627373052,11,273,273
generation,WSJ,Wall Street Journal (business news),13,reality,0.025450373203817697,11,273,273
generation,WSJ,Wall Street Journal (business news),14,form,0.023613859520515226,11,273,273
generation,WSJ,Wall Street Journal (business news),15,type,0.021742653497762925,11,273,273
generation,WSJ,Wall Street Journal (business news),16,creation,0.02065399827905247,11,273,273
generation,WSJ,Wall Street Journal (business news),17,kind,0.020401041652889387,11,273,273
generation,WSJ,Wall Street Journal (business news),18,family,0.01835733136224142,11,273,273
generation,WSJ,Wall Street Journal (business news),19,recognition,0.01755621963621045,11,273,273
generation,WSJ,Wall Street Journal (business news),20,group,0.01724935156789498,11,273,273
generation,WSJ,Wall Street Journal (business news),21,decade,0.017065171974779636,11,273,273
generation,WSJ,Wall Street Journal (business news),22,quality,0.015531792518207079,11,273,273
generation,WSJ,Wall Street Journal (business news),23,analysis,0.015444068679095688,11,273,273
generation,WSJ,Wall Street Journal (business news),24,year,0.015224813442136765,11,273,273
generation,WSJ,Wall Street Journal (business news),25,class,0.014777280873318336,11,273,273
generation,WSJ,Wall Street Journal (business news),26,editing,0.013028575028503953,11,273,273
generation,WSJ,Wall Street Journal (business news),27,time,0.01249094273333423,11,273,273
generation,WSJ,Wall Street Journal (business news),28,age,0.01227141388550434,11,273,273
generation,WSJ,Wall Street Journal (business news),29,era,0.010942852425861408,11,273,273
generation,WSJ,Wall Street Journal (business news),30,combination,0.009960006820992011,11,273,273
generation,WSJ,Wall Street Journal (business news),31,use,0.009593106457670272,11,273,273
generation,WSJ,Wall Street Journal (business news),32,door,0.009269696194941297,11,273,273
generation,WSJ,Wall Street Journal (business news),33,release,0.009007181421369179,11,273,273
generation,WSJ,Wall Street Journal (business news),34,answering,0.008609050240128983,11,273,273
generation,WSJ,Wall Street Journal (business news),35,management,0.008163096355353653,11,273,273
generation,WSJ,Wall Street Journal (business news),36,forms,0.008030465833106154,11,273,273
generation,WSJ,Wall Street Journal (business news),37,day,0.007941735525407959,11,273,273
generation,WSJ,Wall Street Journal (business news),38,century,0.007882747890179545,11,273,273
generation,WSJ,Wall Street Journal (business news),39,stage,0.007785773697215723,11,273,273
generation,WSJ,Wall Street Journal (business news),40,design,0.007595596071897606,11,273,273
generation,WSJ,Wall Street Journal (business news),41,list,0.007415470860088268,11,273,273
generation,WSJ,Wall Street Journal (business news),42,range,0.007383425588853879,11,273,273
generation,WSJ,Wall Street Journal (business news),43,oriented,0.0072705736577912275,11,273,273
generation,WSJ,Wall Street Journal (business news),44,modeling,0.007207639402264125,11,273,273
generation,WSJ,Wall Street Journal (business news),45,person,0.0066501648085079456,11,273,273
generation,WSJ,Wall Street Journal (business news),46,lifetime,0.006498733065488467,11,273,273
generation,WSJ,Wall Street Journal (business news),47,production,0.006498163096956238,11,273,273
generation,WSJ,Wall Street Journal (business news),48,search,0.006390309270697494,11,273,273
generation,WSJ,Wall Street Journal (business news),49,matching,0.006244453894949256,11,273,273
generation,WSJ,Wall Street Journal (business news),50,types,0.005944619819473973,11,273,273
generation,arxiv,arXiv (academic),1,processing,0.14151442381636894,11,1261,500
generation,arxiv,arXiv (academic),2,analysis,0.10557301335773046,11,1261,500
generation,arxiv,arXiv (academic),3,learning,0.05264096874142661,11,1261,500
generation,arxiv,arXiv (academic),4,recognition,0.03764950712928437,11,1261,500
generation,arxiv,arXiv (academic),5,modeling,0.03463785892883375,11,1261,500
generation,arxiv,arXiv (academic),6,creation,0.03170051983482724,11,1261,500
generation,arxiv,arXiv (academic),7,production,0.028177475466715764,11,1261,500
generation,arxiv,arXiv (academic),8,development,0.025370935659530955,11,1261,500
generation,arxiv,arXiv (academic),9,synthesis,0.023396015301578338,11,1261,500
generation,arxiv,arXiv (academic),10,design,0.02230862494203469,11,1261,500
generation,arxiv,arXiv (academic),11,model,0.021649000969589896,11,1261,500
generation,arxiv,arXiv (academic),12,theory,0.02103470634341036,11,1261,500
generation,arxiv,arXiv (academic),13,selection,0.02010532129311754,11,1261,500
generation,arxiv,arXiv (academic),14,search,0.020063473940837986,11,1261,500
generation,arxiv,arXiv (academic),15,testing,0.01810682028814462,11,1261,500
generation,arxiv,arXiv (academic),16,acquisition,0.017905091073082958,11,1261,500
generation,arxiv,arXiv (academic),17,problem,0.01683855904913026,11,1261,500
generation,arxiv,arXiv (academic),18,network,0.015792271381530016,11,1261,500
generation,arxiv,arXiv (academic),19,use,0.014963885457334366,11,1261,500
generation,arxiv,arXiv (academic),20,translation,0.014742618377219619,11,1261,500
generation,arxiv,arXiv (academic),21,models,0.014343812676514215,11,1261,500
generation,arxiv,arXiv (academic),22,performance,0.013963619765188845,11,1261,500
generation,arxiv,arXiv (academic),23,retrieval,0.013213489836848995,11,1261,500
generation,arxiv,arXiv (academic),24,composition,0.012854522236509132,11,1261,500
generation,arxiv,arXiv (academic),25,management,0.012787018648578312,11,1261,500
generation,arxiv,arXiv (academic),26,matching,0.0127776058834913,11,1261,500
generation,arxiv,arXiv (academic),27,classification,0.012140816856916297,11,1261,500
generation,arxiv,arXiv (academic),28,control,0.01143905912001517,11,1261,500
generation,arxiv,arXiv (academic),29,communication,0.011404371733781827,11,1261,500
generation,arxiv,arXiv (academic),30,prediction,0.011393769797570383,11,1261,500
generation,arxiv,arXiv (academic),31,simulation,0.01136918690601973,11,1261,500
generation,arxiv,arXiv (academic),32,set,0.010926735953050914,11,1261,500
generation,arxiv,arXiv (academic),33,based,0.010819711719518302,11,1261,500
generation,arxiv,arXiv (academic),34,representation,0.010797540591637941,11,1261,500
generation,arxiv,arXiv (academic),35,optimization,0.010709874228351752,11,1261,500
generation,arxiv,arXiv (academic),36,evaluation,0.010528774141079975,11,1261,500
generation,arxiv,arXiv (academic),37,mining,0.009954486328411793,11,1261,500
generation,arxiv,arXiv (academic),38,data,0.009881912316402047,11,1261,500
generation,arxiv,arXiv (academic),39,detection,0.009859681161898113,11,1261,500
generation,arxiv,arXiv (academic),40,quality,0.009858788360110327,11,1261,500
generation,arxiv,arXiv (academic),41,structure,0.009553085767936996,11,1261,500
generation,arxiv,arXiv (academic),42,compression,0.009205748002871194,11,1261,500
generation,arxiv,arXiv (academic),43,collection,0.008748801030340763,11,1261,500
generation,arxiv,arXiv (academic),44,research,0.008688433635908386,11,1261,500
generation,arxiv,arXiv (academic),45,formation,0.00851966560833626,11,1261,500
generation,arxiv,arXiv (academic),46,construction,0.008111224293623397,11,1261,500
generation,arxiv,arXiv (academic),47,version,0.00808146238085002,11,1261,500
generation,arxiv,arXiv (academic),48,interpretation,0.008038091338186155,11,1261,500
generation,arxiv,arXiv (academic),49,estimation,0.007991677533506632,11,1261,500
generation,arxiv,arXiv (academic),50,tracking,0.007865940794816043,11,1261,500
intelligence,NYT,New York Times (public news),1,technology,0.1462310236039106,11,12402,500
intelligence,NYT,New York Times (public news),2,computers,0.054864549047063574,11,12402,500
intelligence,NYT,New York Times (public news),3,engineering,0.0494508708101524,11,12402,500
intelligence,NYT,New York Times (public news),4,robotics,0.043963695660536005,11,12402,500
intelligence,NYT,New York Times (public news),5,software,0.040058659660462265,11,12402,500
intelligence,NYT,New York Times (public news),6,ai,0.033219179783780695,11,12402,500
intelligence,NYT,New York Times (public news),7,internet,0.03113034432080068,11,12402,500
intelligence,NYT,New York Times (public news),8,computer,0.03098898052015805,11,12402,500
intelligence,NYT,New York Times (public news),9,computing,0.025348095807251492,11,12402,500
intelligence,NYT,New York Times (public news),10,science,0.025241515025218656,11,12402,500
intelligence,NYT,New York Times (public news),11,research,0.023034136545430895,11,12402,500
intelligence,NYT,New York Times (public news),12,new,0.020758331582995334,11,12402,500
intelligence,NYT,New York Times (public news),13,information,0.020722365484979535,11,12402,500
intelligence,NYT,New York Times (public news),14,robots,0.019852796188187874,11,12402,500
intelligence,NYT,New York Times (public news),15,automation,0.01803317649666564,11,12402,500
intelligence,NYT,New York Times (public news),16,electronics,0.016778187101734978,11,12402,500
intelligence,NYT,New York Times (public news),17,mathematics,0.01613453695692053,11,12402,500
intelligence,NYT,New York Times (public news),18,google,0.01612725171959905,11,12402,500
intelligence,NYT,New York Times (public news),19,learning,0.015896146046972745,11,12402,500
intelligence,NYT,New York Times (public news),20,biotechnology,0.014854539276415236,11,12402,500
intelligence,NYT,New York Times (public news),21,education,0.014643622446225238,11,12402,500
intelligence,NYT,New York Times (public news),22,china,0.014428830378902557,11,12402,500
intelligence,NYT,New York Times (public news),23,security,0.014075345486356406,11,12402,500
intelligence,NYT,New York Times (public news),24,twitter,0.013877940290142082,11,12402,500
intelligence,NYT,New York Times (public news),25,oil,0.013354224174764822,11,12402,500
intelligence,NYT,New York Times (public news),26,american,0.01298877122421257,11,12402,500
intelligence,NYT,New York Times (public news),27,operating,0.012725459815273737,11,12402,500
intelligence,NYT,New York Times (public news),28,technologies,0.012658865982681107,11,12402,500
intelligence,NYT,New York Times (public news),29,analytics,0.012335234864653776,11,12402,500
intelligence,NYT,New York Times (public news),30,search,0.012244866376337588,11,12402,500
intelligence,NYT,New York Times (public news),31,advanced,0.012214316577259032,11,12402,500
intelligence,NYT,New York Times (public news),32,systems,0.01207492967484464,11,12402,500
intelligence,NYT,New York Times (public news),33,gps,0.011904200803879383,11,12402,500
intelligence,NYT,New York Times (public news),34,design,0.011051721268052378,11,12402,500
intelligence,NYT,New York Times (public news),35,energy,0.01076915286472949,11,12402,500
intelligence,NYT,New York Times (public news),36,development,0.010743801306516356,11,12402,500
intelligence,NYT,New York Times (public news),37,innovation,0.010368249936659146,11,12402,500
intelligence,NYT,New York Times (public news),38,other,0.010328405997620615,11,12402,500
intelligence,NYT,New York Times (public news),39,physics,0.010323655118568554,11,12402,500
intelligence,NYT,New York Times (public news),40,online,0.009950353160540696,11,12402,500
intelligence,NYT,New York Times (public news),41,business,0.009867258569554047,11,12402,500
intelligence,NYT,New York Times (public news),42,these,0.009833795933470916,11,12402,500
intelligence,NYT,New York Times (public news),43,scientific,0.0096802474023838,11,12402,500
intelligence,NYT,New York Times (public news),44,telecommunications,0.009533968640104688,11,12402,500
intelligence,NYT,New York Times (public news),45,radar,0.009500462039765357,11,12402,500
intelligence,NYT,New York Times (public news),46,digital,0.009379951514613625,11,12402,500
intelligence,NYT,New York Times (public news),47,people,0.009372686291478284,11,12402,500
intelligence,NYT,New York Times (public news),48,humans,0.009197058210326878,11,12402,500
intelligence,NYT,New York Times (public news),49,globalization,0.008955309922654763,11,12402,500
intelligence,NYT,New York Times (public news),50,advertising,0.008928932088190724,11,12402,500
intelligence,WSJ,Wall Street Journal (business news),1,technology,0.16891527329714456,11,6537,500
intelligence,WSJ,Wall Street Journal (business news),2,ai,0.10740801710904627,11,6537,500
intelligence,WSJ,Wall Street Journal (business news),3,computers,0.05214099231180882,11,6537,500
intelligence,WSJ,Wall Street Journal (business news),4,robotics,0.05009479818320168,11,6537,500
intelligence,WSJ,Wall Street Journal (business news),5,software,0.04035437893571746,11,6537,500
intelligence,WSJ,Wall Street Journal (business news),6,research,0.028076188615121934,11,6537,500
intelligence,WSJ,Wall Street Journal (business news),7,china,0.02166101905245312,11,6537,500
intelligence,WSJ,Wall Street Journal (business news),8,technologies,0.021578457440915143,11,6537,500
intelligence,WSJ,Wall Street Journal (business news),9,automation,0.020781184389678457,11,6537,500
intelligence,WSJ,Wall Street Journal (business news),10,computing,0.019532107437829748,11,6537,500
intelligence,WSJ,Wall Street Journal (business news),11,information,0.017719647333603202,11,6537,500
intelligence,WSJ,Wall Street Journal (business news),12,engineering,0.017074987882366374,11,6537,500
intelligence,WSJ,Wall Street Journal (business news),13,electronics,0.017052233214650873,11,6537,500
intelligence,WSJ,Wall Street Journal (business news),14,google,0.016793360469180733,11,6537,500
intelligence,WSJ,Wall Street Journal (business news),15,sensors,0.01674726912731306,11,6537,500
intelligence,WSJ,Wall Street Journal (business news),16,systems,0.01598069999445214,11,6537,500
intelligence,WSJ,Wall Street Journal (business news),17,science,0.015311219640403597,11,6537,500
intelligence,WSJ,Wall Street Journal (business news),18,robots,0.01506090622499199,11,6537,500
intelligence,WSJ,Wall Street Journal (business news),19,internet,0.014856620234783768,11,6537,500
intelligence,WSJ,Wall Street Journal (business news),20,innovation,0.014743630059002612,11,6537,500
intelligence,WSJ,Wall Street Journal (business news),21,learning,0.014180705115695582,11,6537,500
intelligence,WSJ,Wall Street Journal (business news),22,analytics,0.013290136358891024,11,6537,500
intelligence,WSJ,Wall Street Journal (business news),23,design,0.013142058019214267,11,6537,500
intelligence,WSJ,Wall Street Journal (business news),24,advertising,0.012980137392786424,11,6537,500
intelligence,WSJ,Wall Street Journal (business news),25,humans,0.012270767735673574,11,6537,500
intelligence,WSJ,Wall Street Journal (business news),26,biotechnology,0.011959175686125255,11,6537,500
intelligence,WSJ,Wall Street Journal (business news),27,mathematics,0.01176116895220226,11,6537,500
intelligence,WSJ,Wall Street Journal (business news),28,growth,0.011439049817038542,11,6537,500
intelligence,WSJ,Wall Street Journal (business news),29,people,0.011411484953529033,11,6537,500
intelligence,WSJ,Wall Street Journal (business news),30,cloud,0.011368231585414317,11,6537,500
intelligence,WSJ,Wall Street Journal (business news),31,development,0.011089082882309113,11,6537,500
intelligence,WSJ,Wall Street Journal (business news),32,telecommunications,0.010338695204154986,11,6537,500
intelligence,WSJ,Wall Street Journal (business news),33,security,0.010321657802430195,11,6537,500
intelligence,WSJ,Wall Street Journal (business news),34,globalization,0.010128110037768387,11,6537,500
intelligence,WSJ,Wall Street Journal (business news),35,computer,0.009621421784340728,11,6537,500
intelligence,WSJ,Wall Street Journal (business news),36,education,0.009597245378307565,11,6537,500
intelligence,WSJ,Wall Street Journal (business news),37,data,0.009522402908894612,11,6537,500
intelligence,WSJ,Wall Street Journal (business news),38,tools,0.009483995939620925,11,6537,500
intelligence,WSJ,Wall Street Journal (business news),39,infrastructure,0.00932051495027263,11,6537,500
intelligence,WSJ,Wall Street Journal (business news),40,gps,0.009243534303848375,11,6537,500
intelligence,WSJ,Wall Street Journal (business news),41,medicine,0.009179275799676426,11,6537,500
intelligence,WSJ,Wall Street Journal (business news),42,algorithms,0.009085172605860602,11,6537,500
intelligence,WSJ,Wall Street Journal (business news),43,gaming,0.00905418114006259,11,6537,500
intelligence,WSJ,Wall Street Journal (business news),44,electricity,0.008804589805888637,11,6537,500
intelligence,WSJ,Wall Street Journal (business news),45,business,0.008571656873309902,11,6537,500
intelligence,WSJ,Wall Street Journal (business news),46,twitter,0.008523962299428504,11,6537,500
intelligence,WSJ,Wall Street Journal (business news),47,android,0.008287578005896683,11,6537,500
intelligence,WSJ,Wall Street Journal (business news),48,knowledge,0.008149218044608155,11,6537,500
intelligence,WSJ,Wall Street Journal (business news),49,drones,0.008050682230416554,11,6537,500
intelligence,WSJ,Wall Street Journal (business news),50,marketing,0.007941115432668514,11,6537,500
intelligence,arxiv,arXiv (academic),1,ai,0.24904977980816312,11,3936,500
intelligence,arxiv,arXiv (academic),2,learning,0.0565332019442763,11,3936,500
intelligence,arxiv,arXiv (academic),3,mathematics,0.0449728267719388,11,3936,500
intelligence,arxiv,arXiv (academic),4,science,0.0442488268510172,11,3936,500
intelligence,arxiv,arXiv (academic),5,research,0.04280497594104213,11,3936,500
intelligence,arxiv,arXiv (academic),6,systems,0.031776196169841064,11,3936,500
intelligence,arxiv,arXiv (academic),7,technology,0.030020429797984846,11,3936,500
intelligence,arxiv,arXiv (academic),8,computing,0.027487646615879036,11,3936,500
intelligence,arxiv,arXiv (academic),9,analysis,0.025536877213361113,11,3936,500
intelligence,arxiv,arXiv (academic),10,engineering,0.024370525111887562,11,3936,500
intelligence,arxiv,arXiv (academic),11,physics,0.022720799887605437,11,3936,500
intelligence,arxiv,arXiv (academic),12,information,0.01705185447679675,11,3936,500
intelligence,arxiv,arXiv (academic),13,methods,0.01671801876059356,11,3936,500
intelligence,arxiv,arXiv (academic),14,design,0.015543087747693312,11,3936,500
intelligence,arxiv,arXiv (academic),15,statistics,0.015503689904022159,11,3936,500
intelligence,arxiv,arXiv (academic),16,computers,0.015145016536147712,11,3936,500
intelligence,arxiv,arXiv (academic),17,software,0.014203150228342997,11,3936,500
intelligence,arxiv,arXiv (academic),18,computer,0.014087747688961467,11,3936,500
intelligence,arxiv,arXiv (academic),19,algorithms,0.01314065303339853,11,3936,500
intelligence,arxiv,arXiv (academic),20,mathematical,0.013032844505357893,11,3936,500
intelligence,arxiv,arXiv (academic),21,applications,0.012855303208159898,11,3936,500
intelligence,arxiv,arXiv (academic),22,knowledge,0.012095949538164013,11,3936,500
intelligence,arxiv,arXiv (academic),23,economics,0.011951091755378064,11,3936,500
intelligence,arxiv,arXiv (academic),24,communication,0.011492937629089602,11,3936,500
intelligence,arxiv,arXiv (academic),25,robotics,0.01135833422198375,11,3936,500
intelligence,arxiv,arXiv (academic),26,linguistics,0.010657032865759147,11,3936,500
intelligence,arxiv,arXiv (academic),27,data,0.01059876163794919,11,3936,500
intelligence,arxiv,arXiv (academic),28,neuroscience,0.009892479558022528,11,3936,500
intelligence,arxiv,arXiv (academic),29,optimization,0.009115241235305625,11,3936,500
intelligence,arxiv,arXiv (academic),30,probability,0.009008295438213926,11,3936,500
intelligence,arxiv,arXiv (academic),31,modeling,0.008918071615928683,11,3936,500
intelligence,arxiv,arXiv (academic),32,techniques,0.008750919024970508,11,3936,500
intelligence,arxiv,arXiv (academic),33,management,0.008736136958515033,11,3936,500
intelligence,arxiv,arXiv (academic),34,biology,0.008704681639509156,11,3936,500
intelligence,arxiv,arXiv (academic),35,programming,0.008702275182780994,11,3936,500
intelligence,arxiv,arXiv (academic),36,architecture,0.008586551059738849,11,3936,500
intelligence,arxiv,arXiv (academic),37,geometry,0.008466473897641425,11,3936,500
intelligence,arxiv,arXiv (academic),38,complexity,0.00841833518679398,11,3936,500
intelligence,arxiv,arXiv (academic),39,theory,0.008220812261838573,11,3936,500
intelligence,arxiv,arXiv (academic),40,human,0.007828088903334078,11,3936,500
intelligence,arxiv,arXiv (academic),41,computational,0.007778967512617206,11,3936,500
intelligence,arxiv,arXiv (academic),42,models,0.007599285947218479,11,3936,500
intelligence,arxiv,arXiv (academic),43,computation,0.007444618530830135,11,3936,500
intelligence,arxiv,arXiv (academic),44,decision,0.007331847133975444,11,3936,500
intelligence,arxiv,arXiv (academic),45,scientific,0.00712677634310533,11,3936,500
intelligence,arxiv,arXiv (academic),46,art,0.007072022033671732,11,3936,500
intelligence,arxiv,arXiv (academic),47,education,0.00701258008727219,11,3936,500
intelligence,arxiv,arXiv (academic),48,model,0.006910795012730604,11,3936,500
intelligence,arxiv,arXiv (academic),49,control,0.006759439703301196,11,3936,500
intelligence,arxiv,arXiv (academic),50,resources,0.006657745881889957,11,3936,500
learning,NYT,New York Times (public news),1,technology,0.1186641176824143,11,2237,500
learning,NYT,New York Times (public news),2,robotics,0.08317466300279941,11,2237,500
learning,NYT,New York Times (public news),3,software,0.0540463852678528,11,2237,500
learning,NYT,New York Times (public news),4,ai,0.0490264798661604,11,2237,500
learning,NYT,New York Times (public news),5,computer,0.0434671816047814,11,2237,500
learning,NYT,New York Times (public news),6,computers,0.039548767790099214,11,2237,500
learning,NYT,New York Times (public news),7,science,0.03495751140321154,11,2237,500
learning,NYT,New York Times (public news),8,mathematics,0.031413610706323515,11,2237,500
learning,NYT,New York Times (public news),9,research,0.03111113860278163,11,2237,500
learning,NYT,New York Times (public news),10,new,0.028070807582566644,11,2237,500
learning,NYT,New York Times (public news),11,engineering,0.024751486696098213,11,2237,500
learning,NYT,New York Times (public news),12,computing,0.021437688408977428,11,2237,500
learning,NYT,New York Times (public news),13,algorithms,0.021368758403622005,11,2237,500
learning,NYT,New York Times (public news),14,statistics,0.01927251769960252,11,2237,500
learning,NYT,New York Times (public news),15,based,0.018657400836143697,11,2237,500
learning,NYT,New York Times (public news),16,programming,0.018014921360316738,11,2237,500
learning,NYT,New York Times (public news),17,these,0.016813804521485506,11,2237,500
learning,NYT,New York Times (public news),18,intelligence,0.016504740232724913,11,2237,500
learning,NYT,New York Times (public news),19,vision,0.014309111356303248,11,2237,500
learning,NYT,New York Times (public news),20,systems,0.013881044701580109,11,2237,500
learning,NYT,New York Times (public news),21,translation,0.013260107605372235,11,2237,500
learning,NYT,New York Times (public news),22,design,0.013140028084517906,11,2237,500
learning,NYT,New York Times (public news),23,data,0.0125578779126538,11,2237,500
learning,NYT,New York Times (public news),24,tools,0.012034059571397795,11,2237,500
learning,NYT,New York Times (public news),25,physics,0.012026984971110813,11,2237,500
learning,NYT,New York Times (public news),26,search,0.011786647804269374,11,2237,500
learning,NYT,New York Times (public news),27,communication,0.011398094539842672,11,2237,500
learning,NYT,New York Times (public news),28,time,0.011246103306701368,11,2237,500
learning,NYT,New York Times (public news),29,education,0.010928206080770955,11,2237,500
learning,NYT,New York Times (public news),30,techniques,0.01092374933753201,11,2237,500
learning,NYT,New York Times (public news),31,knowledge,0.010107709518875104,11,2237,500
learning,NYT,New York Times (public news),32,psychology,0.01001435212320139,11,2237,500
learning,NYT,New York Times (public news),33,security,0.009914570414943424,11,2237,500
learning,NYT,New York Times (public news),34,information,0.009862631280347003,11,2237,500
learning,NYT,New York Times (public news),35,computational,0.009822648222520792,11,2237,500
learning,NYT,New York Times (public news),36,business,0.009708921905905159,11,2237,500
learning,NYT,New York Times (public news),37,web,0.009666590302040068,11,2237,500
learning,NYT,New York Times (public news),38,statistical,0.009634533023377563,11,2237,500
learning,NYT,New York Times (public news),39,analysis,0.009468464122850507,11,2237,500
learning,NYT,New York Times (public news),40,analytics,0.009465837119211538,11,2237,500
learning,NYT,New York Times (public news),41,sensors,0.009332799838923734,11,2237,500
learning,NYT,New York Times (public news),42,art,0.009096209442963351,11,2237,500
learning,NYT,New York Times (public news),43,modeling,0.008851320478374903,11,2237,500
learning,NYT,New York Times (public news),44,automation,0.008500045736401717,11,2237,500
learning,NYT,New York Times (public news),45,performance,0.00839789268404229,11,2237,500
learning,NYT,New York Times (public news),46,training,0.008330008054820637,11,2237,500
learning,NYT,New York Times (public news),47,google,0.008201154719076528,11,2237,500
learning,NYT,New York Times (public news),48,teaching,0.007997207945528927,11,2237,500
learning,NYT,New York Times (public news),49,methods,0.007928026975429077,11,2237,500
learning,NYT,New York Times (public news),50,simulation,0.007905079151152312,11,2237,500
learning,WSJ,Wall Street Journal (business news),1,ai,0.14713982106274257,11,1747,500
learning,WSJ,Wall Street Journal (business news),2,technology,0.101911784731812,11,1747,500
learning,WSJ,Wall Street Journal (business news),3,robotics,0.0832677617563538,11,1747,500
learning,WSJ,Wall Street Journal (business news),4,based,0.049017686209510046,11,1747,500
learning,WSJ,Wall Street Journal (business news),5,software,0.0369485246846411,11,1747,500
learning,WSJ,Wall Street Journal (business news),6,computers,0.03574340448985233,11,1747,500
learning,WSJ,Wall Street Journal (business news),7,research,0.03411895852113234,11,1747,500
learning,WSJ,Wall Street Journal (business news),8,algorithms,0.03322666811219185,11,1747,500
learning,WSJ,Wall Street Journal (business news),9,statistics,0.024828840952555737,11,1747,500
learning,WSJ,Wall Street Journal (business news),10,data,0.024160236529338415,11,1747,500
learning,WSJ,Wall Street Journal (business news),11,science,0.02340854260250551,11,1747,500
learning,WSJ,Wall Street Journal (business news),12,computer,0.022557059656092057,11,1747,500
learning,WSJ,Wall Street Journal (business news),13,intelligence,0.017937059319862877,11,1747,500
learning,WSJ,Wall Street Journal (business news),14,analytics,0.01780064013843621,11,1747,500
learning,WSJ,Wall Street Journal (business news),15,programming,0.016486506792560175,11,1747,500
learning,WSJ,Wall Street Journal (business news),16,computing,0.016433055164020043,11,1747,500
learning,WSJ,Wall Street Journal (business news),17,mathematics,0.014064551076210073,11,1747,500
learning,WSJ,Wall Street Journal (business news),18,hardware,0.013076902878188953,11,1747,500
learning,WSJ,Wall Street Journal (business news),19,performance,0.013061631802628282,11,1747,500
learning,WSJ,Wall Street Journal (business news),20,new,0.012819684656874164,11,1747,500
learning,WSJ,Wall Street Journal (business news),21,engineering,0.01213652406398261,11,1747,500
learning,WSJ,Wall Street Journal (business news),22,analysis,0.011201887400586624,11,1747,500
learning,WSJ,Wall Street Journal (business news),23,translation,0.011046245889427615,11,1747,500
learning,WSJ,Wall Street Journal (business news),24,space,0.01100545886258158,11,1747,500
learning,WSJ,Wall Street Journal (business news),25,development,0.010307382543756589,11,1747,500
learning,WSJ,Wall Street Journal (business news),26,twitter,0.009927624202693516,11,1747,500
learning,WSJ,Wall Street Journal (business news),27,communication,0.009924434128586715,11,1747,500
learning,WSJ,Wall Street Journal (business news),28,these,0.009912680669420434,11,1747,500
learning,WSJ,Wall Street Journal (business news),29,security,0.009823047509784556,11,1747,500
learning,WSJ,Wall Street Journal (business news),30,information,0.009289616278228554,11,1747,500
learning,WSJ,Wall Street Journal (business news),31,physics,0.009082222273281197,11,1747,500
learning,WSJ,Wall Street Journal (business news),32,design,0.009010462184673747,11,1747,500
learning,WSJ,Wall Street Journal (business news),33,google,0.008934087840752879,11,1747,500
learning,WSJ,Wall Street Journal (business news),34,business,0.008920190516248934,11,1747,500
learning,WSJ,Wall Street Journal (business news),35,able,0.008286984347335392,11,1747,500
learning,WSJ,Wall Street Journal (business news),36,brain,0.00817670740773384,11,1747,500
learning,WSJ,Wall Street Journal (business news),37,sensors,0.008127107570137262,11,1747,500
learning,WSJ,Wall Street Journal (business news),38,simulation,0.008070026117421587,11,1747,500
learning,WSJ,Wall Street Journal (business news),39,time,0.008057967503183992,11,1747,500
learning,WSJ,Wall Street Journal (business news),40,automation,0.008057812649934687,11,1747,500
learning,WSJ,Wall Street Journal (business news),41,graphics,0.008040061837811835,11,1747,500
learning,WSJ,Wall Street Journal (business news),42,vision,0.007992904019339591,11,1747,500
learning,WSJ,Wall Street Journal (business news),43,patterns,0.00756083818680368,11,1747,500
learning,WSJ,Wall Street Journal (business news),44,neuroscience,0.007174082641002614,11,1747,500
learning,WSJ,Wall Street Journal (business news),45,systems,0.00715674733610865,11,1747,500
learning,WSJ,Wall Street Journal (business news),46,tools,0.007146776776666768,11,1747,500
learning,WSJ,Wall Street Journal (business news),47,gps,0.007055424540242819,11,1747,500
learning,WSJ,Wall Street Journal (business news),48,thinking,0.006884637858928685,11,1747,500
learning,WSJ,Wall Street Journal (business news),49,applications,0.006854879353444045,11,1747,500
learning,WSJ,Wall Street Journal (business news),50,biology,0.006825856352390747,11,1747,500
learning,arxiv,arXiv (academic),1,ai,0.06490072179062199,11,20874,500
learning,arxiv,arXiv (academic),2,computational,0.04273091679945261,11,20874,500
learning,arxiv,arXiv (academic),3,these,0.036845823845713596,11,20874,500
learning,arxiv,arXiv (academic),4,new,0.033925178107505144,11,20874,500
learning,arxiv,arXiv (academic),5,neural,0.03304016078796791,11,20874,500
learning,arxiv,arXiv (academic),6,analysis,0.030967626110799538,11,20874,500
learning,arxiv,arXiv (academic),7,modeling,0.030546130360090785,11,20874,500
learning,arxiv,arXiv (academic),8,computer,0.02821197398463826,11,20874,500
learning,arxiv,arXiv (academic),9,software,0.0277481728927717,11,20874,500
learning,arxiv,arXiv (academic),10,design,0.027270675211435592,11,20874,500
learning,arxiv,arXiv (academic),11,research,0.027064561764828538,11,20874,500
learning,arxiv,arXiv (academic),12,models,0.026274957703815948,11,20874,500
learning,arxiv,arXiv (academic),13,optimization,0.026045850416736724,11,20874,500
learning,arxiv,arXiv (academic),14,simulation,0.025271360011001283,11,20874,500
learning,arxiv,arXiv (academic),15,such,0.024180125234484477,11,20874,500
learning,arxiv,arXiv (academic),16,computing,0.02328778563576152,11,20874,500
learning,arxiv,arXiv (academic),17,data,0.02319656300996814,11,20874,500
learning,arxiv,arXiv (academic),18,network,0.022205143846958684,11,20874,500
learning,arxiv,arXiv (academic),19,mathematical,0.022162400362500036,11,20874,500
learning,arxiv,arXiv (academic),20,mathematics,0.02005193440209902,11,20874,500
learning,arxiv,arXiv (academic),21,scientific,0.019962427142382198,11,20874,500
learning,arxiv,arXiv (academic),22,model,0.01964831039650081,11,20874,500
learning,arxiv,arXiv (academic),23,systems,0.019017835584076236,11,20874,500
learning,arxiv,arXiv (academic),24,robotics,0.018299958615384346,11,20874,500
learning,arxiv,arXiv (academic),25,statistical,0.01824137640628465,11,20874,500
learning,arxiv,arXiv (academic),26,training,0.01779728996915005,11,20874,500
learning,arxiv,arXiv (academic),27,programming,0.017406452950843063,11,20874,500
learning,arxiv,arXiv (academic),28,algorithms,0.017303221026109053,11,20874,500
learning,arxiv,arXiv (academic),29,practice,0.01464022731046115,11,20874,500
learning,arxiv,arXiv (academic),30,technology,0.014628627547436348,11,20874,500
learning,arxiv,arXiv (academic),31,engineering,0.014481591449643942,11,20874,500
learning,arxiv,arXiv (academic),32,physics,0.014444347007543254,11,20874,500
learning,arxiv,arXiv (academic),33,memory,0.0138187347379926,11,20874,500
learning,arxiv,arXiv (academic),34,numerical,0.013279261109373802,11,20874,500
learning,arxiv,arXiv (academic),35,other,0.013002099710184609,11,20874,500
learning,arxiv,arXiv (academic),36,search,0.012343972262190814,11,20874,500
learning,arxiv,arXiv (academic),37,communication,0.012023577471357835,11,20874,500
learning,arxiv,arXiv (academic),38,control,0.011427929453674695,11,20874,500
learning,arxiv,arXiv (academic),39,methods,0.011133565189749027,11,20874,500
learning,arxiv,arXiv (academic),40,safety,0.010869383647739178,11,20874,500
learning,arxiv,arXiv (academic),41,complexity,0.010714223577340951,11,20874,500
learning,arxiv,arXiv (academic),42,theory,0.010573633437158048,11,20874,500
learning,arxiv,arXiv (academic),43,reinforcement,0.010435619544474061,11,20874,500
learning,arxiv,arXiv (academic),44,particular,0.010236558420901862,11,20874,500
learning,arxiv,arXiv (academic),45,teaching,0.009998103730090194,11,20874,500
learning,arxiv,arXiv (academic),46,knowledge,0.00987285550122847,11,20874,500
learning,arxiv,arXiv (academic),47,different,0.009791877156862167,11,20874,500
learning,arxiv,arXiv (academic),48,statistics,0.00968243366130632,11,20874,500
learning,arxiv,arXiv (academic),49,use,0.009557094700013534,11,20874,500
learning,arxiv,arXiv (academic),50,representation,0.00943934900339556,11,20874,500
model,NYT,New York Times (public news),1,system,0.08977539947039849,11,872,500
model,NYT,New York Times (public news),2,program,0.06895799220061152,11,872,500
model,NYT,New York Times (public news),3,computer,0.054844332737409685,11,872,500
model,NYT,New York Times (public news),4,software,0.05256010283981275,11,872,500
model,NYT,New York Times (public news),5,product,0.050321646856795695,11,872,500
model,NYT,New York Times (public news),6,technology,0.04630048970913316,11,872,500
model,NYT,New York Times (public news),7,robot,0.03989096267580361,11,872,500
model,NYT,New York Times (public news),8,network,0.03977875559382427,11,872,500
model,NYT,New York Times (public news),9,project,0.03415868323723845,11,872,500
model,NYT,New York Times (public news),10,platform,0.0264527403988221,11,872,500
model,NYT,New York Times (public news),11,engine,0.02625090650555007,11,872,500
model,NYT,New York Times (public news),12,algorithm,0.0237488764758899,11,872,500
model,NYT,New York Times (public news),13,game,0.02277348897669228,11,872,500
model,NYT,New York Times (public news),14,tool,0.020570020207144095,11,872,500
model,NYT,New York Times (public news),15,user,0.01958607037510546,11,872,500
model,NYT,New York Times (public news),16,machine,0.017581797936642742,11,872,500
model,NYT,New York Times (public news),17,version,0.01692887963970758,11,872,500
model,NYT,New York Times (public news),18,application,0.01637094526208286,11,872,500
model,NYT,New York Times (public news),19,database,0.0163365604750317,11,872,500
model,NYT,New York Times (public news),20,company,0.016024285540412055,11,872,500
model,NYT,New York Times (public news),21,approach,0.014801552029289143,11,872,500
model,NYT,New York Times (public news),22,community,0.014184035344744012,11,872,500
model,NYT,New York Times (public news),23,method,0.013891526714661958,11,872,500
model,NYT,New York Times (public news),24,team,0.012998312637128874,11,872,500
model,NYT,New York Times (public news),25,solution,0.012767690854975566,11,872,500
model,NYT,New York Times (public news),26,person,0.012739473037004588,11,872,500
model,NYT,New York Times (public news),27,website,0.011740922367511775,11,872,500
model,NYT,New York Times (public news),28,language,0.011416524478214488,11,872,500
model,NYT,New York Times (public news),29,framework,0.011200863952631842,11,872,500
model,NYT,New York Times (public news),30,service,0.011023497527879398,11,872,500
model,NYT,New York Times (public news),31,technique,0.010540484331786334,11,872,500
model,NYT,New York Times (public news),32,strategy,0.010482108926885688,11,872,500
model,NYT,New York Times (public news),33,device,0.010418162083907855,11,872,500
model,NYT,New York Times (public news),34,child,0.010280873206210324,11,872,500
model,NYT,New York Times (public news),35,study,0.01000713939500823,11,872,500
model,NYT,New York Times (public news),36,app,0.009646115128483127,11,872,500
model,NYT,New York Times (public news),37,brain,0.009188089136393462,11,872,500
model,NYT,New York Times (public news),38,browser,0.008977598784374872,11,872,500
model,NYT,New York Times (public news),39,standard,0.008863700926790462,11,872,500
model,NYT,New York Times (public news),40,theory,0.008720374685300045,11,872,500
model,NYT,New York Times (public news),41,generation,0.00867915161691278,11,872,500
model,NYT,New York Times (public news),42,dog,0.008114103517489509,11,872,500
model,NYT,New York Times (public news),43,process,0.008106120553380449,11,872,500
model,NYT,New York Times (public news),44,design,0.008081202447959963,11,872,500
model,NYT,New York Times (public news),45,work,0.007650980373626816,11,872,500
model,NYT,New York Times (public news),46,human,0.007650055371724491,11,872,500
model,NYT,New York Times (public news),47,screen,0.007377718498663772,11,872,500
model,NYT,New York Times (public news),48,test,0.0073278365878752276,11,872,500
model,NYT,New York Times (public news),49,trying,0.00712523501345549,11,872,500
model,NYT,New York Times (public news),50,protocol,0.00678561335562106,11,872,500
model,WSJ,Wall Street Journal (business news),1,system,0.10245703642905714,11,654,500
model,WSJ,Wall Street Journal (business news),2,program,0.08151499614215807,11,654,500
model,WSJ,Wall Street Journal (business news),3,software,0.06435390996532614,11,654,500
model,WSJ,Wall Street Journal (business news),4,product,0.06052143637978204,11,654,500
model,WSJ,Wall Street Journal (business news),5,technology,0.05162457974692733,11,654,500
model,WSJ,Wall Street Journal (business news),6,platform,0.05019523506956649,11,654,500
model,WSJ,Wall Street Journal (business news),7,computer,0.03807944229769236,11,654,500
model,WSJ,Wall Street Journal (business news),8,ai,0.03332102387123794,11,654,500
model,WSJ,Wall Street Journal (business news),9,project,0.030087128484992398,11,654,500
model,WSJ,Wall Street Journal (business news),10,engine,0.02675639627090248,11,654,500
model,WSJ,Wall Street Journal (business news),11,solution,0.02495945518265793,11,654,500
model,WSJ,Wall Street Journal (business news),12,user,0.022022660612254136,11,654,500
model,WSJ,Wall Street Journal (business news),13,game,0.019975876059849948,11,654,500
model,WSJ,Wall Street Journal (business news),14,application,0.019761181014235893,11,654,500
model,WSJ,Wall Street Journal (business news),15,tool,0.019616144990914935,11,654,500
model,WSJ,Wall Street Journal (business news),16,algorithm,0.01957049444821465,11,654,500
model,WSJ,Wall Street Journal (business news),17,team,0.01798996838312819,11,654,500
model,WSJ,Wall Street Journal (business news),18,scale,0.0162139415446251,11,654,500
model,WSJ,Wall Street Journal (business news),19,based,0.015210240250525944,11,654,500
model,WSJ,Wall Street Journal (business news),20,version,0.013989471895035896,11,654,500
model,WSJ,Wall Street Journal (business news),21,robot,0.012912225218631822,11,654,500
model,WSJ,Wall Street Journal (business news),22,device,0.01224945254884732,11,654,500
model,WSJ,Wall Street Journal (business news),23,machine,0.011763545625700858,11,654,500
model,WSJ,Wall Street Journal (business news),24,world,0.011497080496143751,11,654,500
model,WSJ,Wall Street Journal (business news),25,screen,0.011472012221768347,11,654,500
model,WSJ,Wall Street Journal (business news),26,company,0.011468204216270842,11,654,500
model,WSJ,Wall Street Journal (business news),27,design,0.010737560102690124,11,654,500
model,WSJ,Wall Street Journal (business news),28,website,0.010598238129765052,11,654,500
model,WSJ,Wall Street Journal (business news),29,person,0.010490614163540175,11,654,500
model,WSJ,Wall Street Journal (business news),30,app,0.01028095380650145,11,654,500
model,WSJ,Wall Street Journal (business news),31,strategy,0.010277636494987653,11,654,500
model,WSJ,Wall Street Journal (business news),32,service,0.01018997313150524,11,654,500
model,WSJ,Wall Street Journal (business news),33,approach,0.009991283096750798,11,654,500
model,WSJ,Wall Street Journal (business news),34,framework,0.009928800106988699,11,654,500
model,WSJ,Wall Street Journal (business news),35,decision,0.009848302221072055,11,654,500
model,WSJ,Wall Street Journal (business news),36,database,0.009189210423079264,11,654,500
model,WSJ,Wall Street Journal (business news),37,client,0.007992387530002875,11,654,500
model,WSJ,Wall Street Journal (business news),38,products,0.007949308910097649,11,654,500
model,WSJ,Wall Street Journal (business news),39,network,0.007784866028478597,11,654,500
model,WSJ,Wall Street Journal (business news),40,child,0.007576389217570137,11,654,500
model,WSJ,Wall Street Journal (business news),41,environment,0.007507868462225998,11,654,500
model,WSJ,Wall Street Journal (business news),42,plan,0.007413196820769942,11,654,500
model,WSJ,Wall Street Journal (business news),43,analysis,0.007288566427182579,11,654,500
model,WSJ,Wall Street Journal (business news),44,architecture,0.007097560862946419,11,654,500
model,WSJ,Wall Street Journal (business news),45,process,0.006629561026557288,11,654,500
model,WSJ,Wall Street Journal (business news),46,brain,0.00643111696733708,11,654,500
model,WSJ,Wall Street Journal (business news),47,employees,0.006392090341599307,11,654,500
model,WSJ,Wall Street Journal (business news),48,systems,0.006391851690857177,11,654,500
model,WSJ,Wall Street Journal (business news),49,one,0.006257684501039184,11,654,500
model,WSJ,Wall Street Journal (business news),50,test,0.006171840170007335,11,654,500
model,arxiv,arXiv (academic),1,system,0.09988536776757079,11,11613,500
model,arxiv,arXiv (academic),2,algorithm,0.0979721079157416,11,11613,500
model,arxiv,arXiv (academic),3,network,0.05437201394132858,11,11613,500
model,arxiv,arXiv (academic),4,approach,0.03785562529222294,11,11613,500
model,arxiv,arXiv (academic),5,method,0.0368836624811483,11,11613,500
model,arxiv,arXiv (academic),6,data,0.033284064422667715,11,11613,500
model,arxiv,arXiv (academic),7,models,0.030849795344954307,11,11613,500
model,arxiv,arXiv (academic),8,program,0.030094140428599384,11,11613,500
model,arxiv,arXiv (academic),9,framework,0.028456856973695908,11,11613,500
model,arxiv,arXiv (academic),10,function,0.02589393859650039,11,11613,500
model,arxiv,arXiv (academic),11,software,0.02556644621292653,11,11613,500
model,arxiv,arXiv (academic),12,technique,0.022049302538335806,11,11613,500
model,arxiv,arXiv (academic),13,user,0.020044201542237038,11,11613,500
model,arxiv,arXiv (academic),14,problem,0.019553338206993204,11,11613,500
model,arxiv,arXiv (academic),15,study,0.01849848139547541,11,11613,500
model,arxiv,arXiv (academic),16,process,0.01807059740082242,11,11613,500
model,arxiv,arXiv (academic),17,distribution,0.017483275194330475,11,11613,500
model,arxiv,arXiv (academic),18,theory,0.017060038022987885,11,11613,500
model,arxiv,arXiv (academic),19,task,0.01685049876527335,11,11613,500
model,arxiv,arXiv (academic),20,language,0.016681776572984683,11,11613,500
model,arxiv,arXiv (academic),21,architecture,0.01587544300331177,11,11613,500
model,arxiv,arXiv (academic),22,computational,0.01577651892321427,11,11613,500
model,arxiv,arXiv (academic),23,tool,0.015282017305079158,11,11613,500
model,arxiv,arXiv (academic),24,computer,0.01494323527785191,11,11613,500
model,arxiv,arXiv (academic),25,test,0.014936496306904868,11,11613,500
model,arxiv,arXiv (academic),26,brain,0.01371205575447893,11,11613,500
model,arxiv,arXiv (academic),27,measure,0.013355382238546461,11,11613,500
model,arxiv,arXiv (academic),28,methods,0.01334499061029813,11,11613,500
model,arxiv,arXiv (academic),29,database,0.013067643453906718,11,11613,500
model,arxiv,arXiv (academic),30,information,0.012029081042840877,11,11613,500
model,arxiv,arXiv (academic),31,design,0.011878237974043781,11,11613,500
model,arxiv,arXiv (academic),32,hypothesis,0.011072291170163945,11,11613,500
model,arxiv,arXiv (academic),33,analysis,0.010776069061567937,11,11613,500
model,arxiv,arXiv (academic),34,algorithms,0.010747152513798998,11,11613,500
model,arxiv,arXiv (academic),35,image,0.01010338933470127,11,11613,500
model,arxiv,arXiv (academic),36,engine,0.009955797757894673,11,11613,500
model,arxiv,arXiv (academic),37,team,0.009897043310909018,11,11613,500
model,arxiv,arXiv (academic),38,scheme,0.009632666133508057,11,11613,500
model,arxiv,arXiv (academic),39,graph,0.009500613372492524,11,11613,500
model,arxiv,arXiv (academic),40,mechanism,0.009421436517417028,11,11613,500
model,arxiv,arXiv (academic),41,application,0.009129725100559427,11,11613,500
model,arxiv,arXiv (academic),42,structure,0.009128728184322756,11,11613,500
model,arxiv,arXiv (academic),43,performance,0.009083729976992454,11,11613,500
model,arxiv,arXiv (academic),44,decision,0.009049859356597214,11,11613,500
model,arxiv,arXiv (academic),45,machine,0.00885328330155813,11,11613,500
model,arxiv,arXiv (academic),46,simulation,0.008776269763158456,11,11613,500
model,arxiv,arXiv (academic),47,technology,0.008676968072496818,11,11613,500
model,arxiv,arXiv (academic),48,represent,0.008441604357246503,11,11613,500
model,arxiv,arXiv (academic),49,sample,0.00807805826468473,11,11613,500
model,arxiv,arXiv (academic),50,operator,0.008068683542656177,11,11613,500
network,NYT,New York Times (public news),1,computer,0.1307110055651905,11,671,500
network,NYT,New York Times (public news),2,system,0.07181403361826662,11,671,500
network,NYT,New York Times (public news),3,person,0.05277999118808697,11,671,500
network,NYT,New York Times (public news),4,media,0.045320567334277057,11,671,500
network,NYT,New York Times (public news),5,model,0.04458062428114396,11,671,500
network,NYT,New York Times (public news),6,brain,0.04139084677671155,11,671,500
network,NYT,New York Times (public news),7,program,0.03626653888145886,11,671,500
network,NYT,New York Times (public news),8,user,0.031664205798919404,11,671,500
network,NYT,New York Times (public news),9,child,0.03134506792746008,11,671,500
network,NYT,New York Times (public news),10,database,0.028411909523517496,11,671,500
network,NYT,New York Times (public news),11,student,0.02690552991103397,11,671,500
network,NYT,New York Times (public news),12,machine,0.026584194796068484,11,671,500
network,NYT,New York Times (public news),13,robot,0.023985332982900506,11,671,500
network,NYT,New York Times (public news),14,researcher,0.019981329660052904,11,671,500
network,NYT,New York Times (public news),15,scientist,0.019865081731548367,11,671,500
network,NYT,New York Times (public news),16,networks,0.01961183504941564,11,671,500
network,NYT,New York Times (public news),17,group,0.019583315803972982,11,671,500
network,NYT,New York Times (public news),18,human,0.01944220535596763,11,671,500
network,NYT,New York Times (public news),19,team,0.017678699075742335,11,671,500
network,NYT,New York Times (public news),20,number,0.015188806582879364,11,671,500
network,NYT,New York Times (public news),21,intelligence,0.01514162210954625,11,671,500
network,NYT,New York Times (public news),22,internet,0.014918738293420584,11,671,500
network,NYT,New York Times (public news),23,software,0.013259331979588687,11,671,500
network,NYT,New York Times (public news),24,grid,0.01325827217370169,11,671,500
network,NYT,New York Times (public news),25,web,0.012574184856361121,11,671,500
network,NYT,New York Times (public news),26,company,0.011333730604899192,11,671,500
network,NYT,New York Times (public news),27,patient,0.011295260673319077,11,671,500
network,NYT,New York Times (public news),28,technology,0.01080789951210597,11,671,500
network,NYT,New York Times (public news),29,algorithm,0.010675560289866324,11,671,500
network,NYT,New York Times (public news),30,device,0.010178855782570452,11,671,500
network,NYT,New York Times (public news),31,method,0.010039600962755656,11,671,500
network,NYT,New York Times (public news),32,dog,0.009926595495562041,11,671,500
network,NYT,New York Times (public news),33,process,0.009739847823292354,11,671,500
network,NYT,New York Times (public news),34,maze,0.008445649390911143,11,671,500
network,NYT,New York Times (public news),35,website,0.008310166704746698,11,671,500
network,NYT,New York Times (public news),36,channel,0.007999998494011411,11,671,500
network,NYT,New York Times (public news),37,personal,0.007869398516130026,11,671,500
network,NYT,New York Times (public news),38,tool,0.007708612806315387,11,671,500
network,NYT,New York Times (public news),39,camera,0.007646701172730004,11,671,500
network,NYT,New York Times (public news),40,simulation,0.00758930587456394,11,671,500
network,NYT,New York Times (public news),41,phone,0.007427287921681315,11,671,500
network,NYT,New York Times (public news),42,approach,0.00731591654227013,11,671,500
network,NYT,New York Times (public news),43,platform,0.007089668386510729,11,671,500
network,NYT,New York Times (public news),44,fleet,0.007079825897032908,11,671,500
network,NYT,New York Times (public news),45,graph,0.006882950948189458,11,671,500
network,NYT,New York Times (public news),46,cat,0.006748387348854023,11,671,500
network,NYT,New York Times (public news),47,data,0.006569392252393985,11,671,500
network,NYT,New York Times (public news),48,project,0.006511752503112272,11,671,500
network,NYT,New York Times (public news),49,prototype,0.006293514555674394,11,671,500
network,NYT,New York Times (public news),50,total,0.006250848283268589,11,671,500
network,WSJ,Wall Street Journal (business news),1,system,0.08512870749858756,11,235,235
network,WSJ,Wall Street Journal (business news),2,media,0.07221190640898736,11,235,235
network,WSJ,Wall Street Journal (business news),3,computer,0.0644495226233699,11,235,235
network,WSJ,Wall Street Journal (business news),4,power,0.06402488737997536,11,235,235
network,WSJ,Wall Street Journal (business news),5,number,0.04674652981120205,11,235,235
network,WSJ,Wall Street Journal (business news),6,internet,0.03213319895426984,11,235,235
network,WSJ,Wall Street Journal (business news),7,brain,0.03084043750299855,11,235,235
network,WSJ,Wall Street Journal (business news),8,company,0.02810304243074708,11,235,235
network,WSJ,Wall Street Journal (business news),9,networks,0.027581262935377118,11,235,235
network,WSJ,Wall Street Journal (business news),10,group,0.027177454587540412,11,235,235
network,WSJ,Wall Street Journal (business news),11,array,0.022985142114593304,11,235,235
network,WSJ,Wall Street Journal (business news),12,program,0.021897134323434278,11,235,235
network,WSJ,Wall Street Journal (business news),13,software,0.02186346953369939,11,235,235
network,WSJ,Wall Street Journal (business news),14,based,0.021791192239719915,11,235,235
network,WSJ,Wall Street Journal (business news),15,platform,0.019590264850709176,11,235,235
network,WSJ,Wall Street Journal (business news),16,technology,0.018957341776387054,11,235,235
network,WSJ,Wall Street Journal (business news),17,networking,0.01695671856221066,11,235,235
network,WSJ,Wall Street Journal (business news),18,series,0.016767788101150552,11,235,235
network,WSJ,Wall Street Journal (business news),19,firm,0.014637165848983245,11,235,235
network,WSJ,Wall Street Journal (business news),20,variety,0.014366346208058713,11,235,235
network,WSJ,Wall Street Journal (business news),21,business,0.01415867860404757,11,235,235
network,WSJ,Wall Street Journal (business news),22,applications,0.014114210745767077,11,235,235
network,WSJ,Wall Street Journal (business news),23,intelligence,0.013917483207174468,11,235,235
network,WSJ,Wall Street Journal (business news),24,set,0.013669711762207475,11,235,235
network,WSJ,Wall Street Journal (business news),25,website,0.013633701320758609,11,235,235
network,WSJ,Wall Street Journal (business news),26,layer,0.01308855243336228,11,235,235
network,WSJ,Wall Street Journal (business news),27,database,0.012827116990572504,11,235,235
network,WSJ,Wall Street Journal (business news),28,installation,0.01241400898514186,11,235,235
network,WSJ,Wall Street Journal (business news),29,space,0.012405755553642319,11,235,235
network,WSJ,Wall Street Journal (business news),30,person,0.012273855905629311,11,235,235
network,WSJ,Wall Street Journal (business news),31,computing,0.012102676185400566,11,235,235
network,WSJ,Wall Street Journal (business news),32,world,0.011657239290161507,11,235,235
network,WSJ,Wall Street Journal (business news),33,team,0.011417772678878014,11,235,235
network,WSJ,Wall Street Journal (business news),34,sector,0.01131787426923948,11,235,235
network,WSJ,Wall Street Journal (business news),35,web,0.011210206342682478,11,235,235
network,WSJ,Wall Street Journal (business news),36,security,0.011203002003462432,11,235,235
network,WSJ,Wall Street Journal (business news),37,machine,0.010683120515711056,11,235,235
network,WSJ,Wall Street Journal (business news),38,medium,0.010262509589274545,11,235,235
network,WSJ,Wall Street Journal (business news),39,products,0.009966496183614525,11,235,235
network,WSJ,Wall Street Journal (business news),40,device,0.009750514559615727,11,235,235
network,WSJ,Wall Street Journal (business news),41,vehicle,0.00968499120953202,11,235,235
network,WSJ,Wall Street Journal (business news),42,algorithm,0.009355853188838092,11,235,235
network,WSJ,Wall Street Journal (business news),43,pair,0.009243096869670972,11,235,235
network,WSJ,Wall Street Journal (business news),44,information,0.009039486794429652,11,235,235
network,WSJ,Wall Street Journal (business news),45,direct,0.009021661324188837,11,235,235
network,WSJ,Wall Street Journal (business news),46,such,0.008837742029386137,11,235,235
network,WSJ,Wall Street Journal (business news),47,market,0.008686041070077345,11,235,235
network,WSJ,Wall Street Journal (business news),48,systems,0.008665880449142379,11,235,235
network,WSJ,Wall Street Journal (business news),49,discuss,0.008659294477531644,11,235,235
network,WSJ,Wall Street Journal (business news),50,project,0.008521951768857268,11,235,235
network,arxiv,arXiv (academic),1,model,0.15595710016437295,11,9774,500
network,arxiv,arXiv (academic),2,system,0.07841326207136942,11,9774,500
network,arxiv,arXiv (academic),3,data,0.03847491937550425,11,9774,500
network,arxiv,arXiv (academic),4,computer,0.03820613330327118,11,9774,500
network,arxiv,arXiv (academic),5,algorithm,0.037254205463055586,11,9774,500
network,arxiv,arXiv (academic),6,method,0.031481834946671394,11,9774,500
network,arxiv,arXiv (academic),7,learning,0.029527970832902248,11,9774,500
network,arxiv,arXiv (academic),8,approach,0.029255814022311706,11,9774,500
network,arxiv,arXiv (academic),9,function,0.02873309675598568,11,9774,500
network,arxiv,arXiv (academic),10,layer,0.024011488162945186,11,9774,500
network,arxiv,arXiv (academic),11,program,0.02358800718812606,11,9774,500
network,arxiv,arXiv (academic),12,information,0.02251536629675033,11,9774,500
network,arxiv,arXiv (academic),13,intelligence,0.02197586466857385,11,9774,500
network,arxiv,arXiv (academic),14,networks,0.021562089710374408,11,9774,500
network,arxiv,arXiv (academic),15,graph,0.01897652163497606,11,9774,500
network,arxiv,arXiv (academic),16,language,0.017120498202699563,11,9774,500
network,arxiv,arXiv (academic),17,memory,0.01683885491327234,11,9774,500
network,arxiv,arXiv (academic),18,software,0.016335435810251354,11,9774,500
network,arxiv,arXiv (academic),19,neurons,0.016208008044492413,11,9774,500
network,arxiv,arXiv (academic),20,architecture,0.015162415028338448,11,9774,500
network,arxiv,arXiv (academic),21,neural,0.014469033128518447,11,9774,500
network,arxiv,arXiv (academic),22,matrix,0.013528982634467062,11,9774,500
network,arxiv,arXiv (academic),23,process,0.013503136891682534,11,9774,500
network,arxiv,arXiv (academic),24,database,0.013119888656219115,11,9774,500
network,arxiv,arXiv (academic),25,layers,0.012497704887004633,11,9774,500
network,arxiv,arXiv (academic),26,analysis,0.012223683609871607,11,9774,500
network,arxiv,arXiv (academic),27,tree,0.011961370845804734,11,9774,500
network,arxiv,arXiv (academic),28,structure,0.011856769998300003,11,9774,500
network,arxiv,arXiv (academic),29,technique,0.011775467549188331,11,9774,500
network,arxiv,arXiv (academic),30,brain,0.011570082938240444,11,9774,500
network,arxiv,arXiv (academic),31,framework,0.011438966682074654,11,9774,500
network,arxiv,arXiv (academic),32,team,0.011418577770706305,11,9774,500
network,arxiv,arXiv (academic),33,machine,0.011359951945342141,11,9774,500
network,arxiv,arXiv (academic),34,fusion,0.011305028701737245,11,9774,500
network,arxiv,arXiv (academic),35,simulation,0.010710709904876551,11,9774,500
network,arxiv,arXiv (academic),36,image,0.010349007283565019,11,9774,500
network,arxiv,arXiv (academic),37,problem,0.009501304989650433,11,9774,500
network,arxiv,arXiv (academic),38,design,0.009424321700722786,11,9774,500
network,arxiv,arXiv (academic),39,agent,0.009392600978884441,11,9774,500
network,arxiv,arXiv (academic),40,domain,0.009226762589869916,11,9774,500
network,arxiv,arXiv (academic),41,training,0.009128216410954973,11,9774,500
network,arxiv,arXiv (academic),42,test,0.009054530644872256,11,9774,500
network,arxiv,arXiv (academic),43,student,0.00897020484552318,11,9774,500
network,arxiv,arXiv (academic),44,child,0.008813974584540977,11,9774,500
network,arxiv,arXiv (academic),45,module,0.008810644779271681,11,9774,500
network,arxiv,arXiv (academic),46,hierarchy,0.008749401594967067,11,9774,500
network,arxiv,arXiv (academic),47,other,0.008716735243186934,11,9774,500
network,arxiv,arXiv (academic),48,project,0.008571191728088675,11,9774,500
network,arxiv,arXiv (academic),49,person,0.008522667284059902,11,9774,500
network,arxiv,arXiv (academic),50,mechanism,0.00843019260156351,11,9774,500
prediction,arxiv,arXiv (academic),1,analysis,0.1100787081483087,11,1628,500
prediction,arxiv,arXiv (academic),2,learning,0.05960748643970393,11,1628,500
prediction,arxiv,arXiv (academic),3,processing,0.038588171792168696,11,1628,500
prediction,arxiv,arXiv (academic),4,model,0.03741289251975228,11,1628,500
prediction,arxiv,arXiv (academic),5,data,0.034673521770807986,11,1628,500
prediction,arxiv,arXiv (academic),6,control,0.03181377365607091,11,1628,500
prediction,arxiv,arXiv (academic),7,detection,0.029536967034320603,11,1628,500
prediction,arxiv,arXiv (academic),8,assessment,0.027599860465101406,11,1628,500
prediction,arxiv,arXiv (academic),9,management,0.025929538713516342,11,1628,500
prediction,arxiv,arXiv (academic),10,simulation,0.024240314067315534,11,1628,500
prediction,arxiv,arXiv (academic),11,decision,0.022426549676408867,11,1628,500
prediction,arxiv,arXiv (academic),12,evaluation,0.022381712904624325,11,1628,500
prediction,arxiv,arXiv (academic),13,performance,0.019500176685332368,11,1628,500
prediction,arxiv,arXiv (academic),14,test,0.019228789297343694,11,1628,500
prediction,arxiv,arXiv (academic),15,research,0.018935093461618247,11,1628,500
prediction,arxiv,arXiv (academic),16,memory,0.018365868425025064,11,1628,500
prediction,arxiv,arXiv (academic),17,monitoring,0.01814274384777242,11,1628,500
prediction,arxiv,arXiv (academic),18,computational,0.018098298187289218,11,1628,500
prediction,arxiv,arXiv (academic),19,measurement,0.017880902912696003,11,1628,500
prediction,arxiv,arXiv (academic),20,modeling,0.017549352722016413,11,1628,500
prediction,arxiv,arXiv (academic),21,estimation,0.01710559308565694,11,1628,500
prediction,arxiv,arXiv (academic),22,input,0.016858705535555282,11,1628,500
prediction,arxiv,arXiv (academic),23,mapping,0.01685645468757515,11,1628,500
prediction,arxiv,arXiv (academic),24,information,0.016343681049153493,11,1628,500
prediction,arxiv,arXiv (academic),25,neural,0.016108123167615413,11,1628,500
prediction,arxiv,arXiv (academic),26,identification,0.01581084848124782,11,1628,500
prediction,arxiv,arXiv (academic),27,use,0.015447494942040474,11,1628,500
prediction,arxiv,arXiv (academic),28,output,0.015110271770511777,11,1628,500
prediction,arxiv,arXiv (academic),29,results,0.0151069414208098,11,1628,500
prediction,arxiv,arXiv (academic),30,behavior,0.014577934523361263,11,1628,500
prediction,arxiv,arXiv (academic),31,based,0.014348137576920635,11,1628,500
prediction,arxiv,arXiv (academic),32,optimization,0.01409778835291456,11,1628,500
prediction,arxiv,arXiv (academic),33,models,0.013666924797910875,11,1628,500
prediction,arxiv,arXiv (academic),34,recognition,0.013172501429455552,11,1628,500
prediction,arxiv,arXiv (academic),35,inference,0.01255562572825607,11,1628,500
prediction,arxiv,arXiv (academic),36,search,0.012184746657439259,11,1628,500
prediction,arxiv,arXiv (academic),37,studies,0.012161181231082918,11,1628,500
prediction,arxiv,arXiv (academic),38,determination,0.012155782496897182,11,1628,500
prediction,arxiv,arXiv (academic),39,study,0.01194445389602048,11,1628,500
prediction,arxiv,arXiv (academic),40,reconstruction,0.011524047030553406,11,1628,500
prediction,arxiv,arXiv (academic),41,design,0.011456053821744474,11,1628,500
prediction,arxiv,arXiv (academic),42,testing,0.011058046054466105,11,1628,500
prediction,arxiv,arXiv (academic),43,generation,0.010681066165963106,11,1628,500
prediction,arxiv,arXiv (academic),44,training,0.01044448255843878,11,1628,500
prediction,arxiv,arXiv (academic),45,network,0.010195906718397447,11,1628,500
prediction,arxiv,arXiv (academic),46,selection,0.009836026500762976,11,1628,500
prediction,arxiv,arXiv (academic),47,understanding,0.009745810078217258,11,1628,500
prediction,arxiv,arXiv (academic),48,statistical,0.009258129397090954,11,1628,500
prediction,arxiv,arXiv (academic),49,theory,0.009230356235874204,11,1628,500
prediction,arxiv,arXiv (academic),50,reference,0.008966161880873753,11,1628,500
reasoning,NYT,New York Times (public news),1,behavior,0.10422893194513698,11,118,118
reasoning,NYT,New York Times (public news),2,intelligence,0.10128088490001214,11,118,118
reasoning,NYT,New York Times (public news),3,learning,0.07636371239952996,11,118,118
reasoning,NYT,New York Times (public news),4,performance,0.0464964967923976,11,118,118
reasoning,NYT,New York Times (public news),5,proof,0.038087798563880074,11,118,118
reasoning,NYT,New York Times (public news),6,thinking,0.0348877473938684,11,118,118
reasoning,NYT,New York Times (public news),7,beings,0.034207924850794394,11,118,118
reasoning,NYT,New York Times (public news),8,knowledge,0.030216243421574675,11,118,118
reasoning,NYT,New York Times (public news),9,communication,0.026963398317357255,11,118,118
reasoning,NYT,New York Times (public news),10,mathematics,0.026853608464184314,11,118,118
reasoning,NYT,New York Times (public news),11,computing,0.022872338459617243,11,118,118
reasoning,NYT,New York Times (public news),12,problems,0.022023959717099226,11,118,118
reasoning,NYT,New York Times (public news),13,programming,0.021978179691482674,11,118,118
reasoning,NYT,New York Times (public news),14,speech,0.02169457847562438,11,118,118
reasoning,NYT,New York Times (public news),15,logic,0.01965967573002887,11,118,118
reasoning,NYT,New York Times (public news),16,information,0.014970363371779287,11,118,118
reasoning,NYT,New York Times (public news),17,minds,0.014955070673837624,11,118,118
reasoning,NYT,New York Times (public news),18,language,0.01494924255839152,11,118,118
reasoning,NYT,New York Times (public news),19,computer,0.014398972803347253,11,118,118
reasoning,NYT,New York Times (public news),20,clarity,0.014078669369104999,11,118,118
reasoning,NYT,New York Times (public news),21,design,0.013254202513097276,11,118,118
reasoning,NYT,New York Times (public news),22,concepts,0.013146573860299826,11,118,118
reasoning,NYT,New York Times (public news),23,cognitive,0.013132874299600503,11,118,118
reasoning,NYT,New York Times (public news),24,computation,0.012386186626648503,11,118,118
reasoning,NYT,New York Times (public news),25,technical,0.01235513664035704,11,118,118
reasoning,NYT,New York Times (public news),26,cause,0.012180069852587566,11,118,118
reasoning,NYT,New York Times (public news),27,understanding,0.012159684300745776,11,118,118
reasoning,NYT,New York Times (public news),28,skills,0.012146459566876648,11,118,118
reasoning,NYT,New York Times (public news),29,technology,0.012057372257403318,11,118,118
reasoning,NYT,New York Times (public news),30,training,0.01181982876830386,11,118,118
reasoning,NYT,New York Times (public news),31,interaction,0.01104514671434576,11,118,118
reasoning,NYT,New York Times (public news),32,analysis,0.010905051059187768,11,118,118
reasoning,NYT,New York Times (public news),33,actions,0.010754385731761306,11,118,118
reasoning,NYT,New York Times (public news),34,reading,0.009850919718277382,11,118,118
reasoning,NYT,New York Times (public news),35,ai,0.009613051996927063,11,118,118
reasoning,NYT,New York Times (public news),36,development,0.009518454580438136,11,118,118
reasoning,NYT,New York Times (public news),37,research,0.00941318247626024,11,118,118
reasoning,NYT,New York Times (public news),38,hearing,0.009411638826712594,11,118,118
reasoning,NYT,New York Times (public news),39,faster,0.009145942466608506,11,118,118
reasoning,NYT,New York Times (public news),40,robotics,0.008898183692740957,11,118,118
reasoning,NYT,New York Times (public news),41,processing,0.00839563040273497,11,118,118
reasoning,NYT,New York Times (public news),42,math,0.008106322707912113,11,118,118
reasoning,NYT,New York Times (public news),43,battle,0.008099060177893936,11,118,118
reasoning,NYT,New York Times (public news),44,behaviour,0.007988475573424384,11,118,118
reasoning,NYT,New York Times (public news),45,causes,0.007723758818301224,11,118,118
reasoning,NYT,New York Times (public news),46,statistics,0.007512976073065959,11,118,118
reasoning,NYT,New York Times (public news),47,intuition,0.007484406421716061,11,118,118
reasoning,NYT,New York Times (public news),48,implementation,0.0069555869179456446,11,118,118
reasoning,NYT,New York Times (public news),49,perception,0.006827130062186268,11,118,118
reasoning,NYT,New York Times (public news),50,theory,0.006544508996590577,11,118,118
reasoning,arxiv,arXiv (academic),1,learning,0.11009577965220395,11,1161,500
reasoning,arxiv,arXiv (academic),2,analysis,0.06595079180362683,11,1161,500
reasoning,arxiv,arXiv (academic),3,inference,0.04078764877042961,11,1161,500
reasoning,arxiv,arXiv (academic),4,processing,0.03433848830667371,11,1161,500
reasoning,arxiv,arXiv (academic),5,thinking,0.033404756460006485,11,1161,500
reasoning,arxiv,arXiv (academic),6,programming,0.0328810104557759,11,1161,500
reasoning,arxiv,arXiv (academic),7,logic,0.028071338007535637,11,1161,500
reasoning,arxiv,arXiv (academic),8,ai,0.02703997538694386,11,1161,500
reasoning,arxiv,arXiv (academic),9,systems,0.026907672773223906,11,1161,500
reasoning,arxiv,arXiv (academic),10,models,0.026574250103883222,11,1161,500
reasoning,arxiv,arXiv (academic),11,knowledge,0.025424808631765734,11,1161,500
reasoning,arxiv,arXiv (academic),12,search,0.025195024868239987,11,1161,500
reasoning,arxiv,arXiv (academic),13,methods,0.024932971283488984,11,1161,500
reasoning,arxiv,arXiv (academic),14,information,0.0242747851860108,11,1161,500
reasoning,arxiv,arXiv (academic),15,modeling,0.023545725878149036,11,1161,500
reasoning,arxiv,arXiv (academic),16,cognitive,0.02052768393174035,11,1161,500
reasoning,arxiv,arXiv (academic),17,control,0.020182534985471796,11,1161,500
reasoning,arxiv,arXiv (academic),18,data,0.019804752683438363,11,1161,500
reasoning,arxiv,arXiv (academic),19,operations,0.017899880525392906,11,1161,500
reasoning,arxiv,arXiv (academic),20,problems,0.01789184797940749,11,1161,500
reasoning,arxiv,arXiv (academic),21,testing,0.017799850765240648,11,1161,500
reasoning,arxiv,arXiv (academic),22,computation,0.01743470533347978,11,1161,500
reasoning,arxiv,arXiv (academic),23,computing,0.017423589114231124,11,1161,500
reasoning,arxiv,arXiv (academic),24,research,0.016815803190693358,11,1161,500
reasoning,arxiv,arXiv (academic),25,communication,0.015885553538994752,11,1161,500
reasoning,arxiv,arXiv (academic),26,design,0.014847787862106773,11,1161,500
reasoning,arxiv,arXiv (academic),27,theory,0.014798313674616459,11,1161,500
reasoning,arxiv,arXiv (academic),28,behavior,0.014005129580961924,11,1161,500
reasoning,arxiv,arXiv (academic),29,computational,0.013519053981572089,11,1161,500
reasoning,arxiv,arXiv (academic),30,algorithms,0.012435345473750753,11,1161,500
reasoning,arxiv,arXiv (academic),31,memory,0.012066566422112351,11,1161,500
reasoning,arxiv,arXiv (academic),32,optimization,0.012049193421476194,11,1161,500
reasoning,arxiv,arXiv (academic),33,networks,0.01181955532424569,11,1161,500
reasoning,arxiv,arXiv (academic),34,development,0.011708018799882959,11,1161,500
reasoning,arxiv,arXiv (academic),35,model,0.011017514141185986,11,1161,500
reasoning,arxiv,arXiv (academic),36,language,0.010950454579038283,11,1161,500
reasoning,arxiv,arXiv (academic),37,proof,0.010901453795719482,11,1161,500
reasoning,arxiv,arXiv (academic),38,simulation,0.01051574358736574,11,1161,500
reasoning,arxiv,arXiv (academic),39,applications,0.010248333640976416,11,1161,500
reasoning,arxiv,arXiv (academic),40,interaction,0.010158200882916914,11,1161,500
reasoning,arxiv,arXiv (academic),41,evaluation,0.009990955854626109,11,1161,500
reasoning,arxiv,arXiv (academic),42,mapping,0.009791371513321307,11,1161,500
reasoning,arxiv,arXiv (academic),43,processes,0.009635807407860086,11,1161,500
reasoning,arxiv,arXiv (academic),44,planning,0.00896856385040611,11,1161,500
reasoning,arxiv,arXiv (academic),45,intelligence,0.008936117063749896,11,1161,500
reasoning,arxiv,arXiv (academic),46,work,0.008416825285738476,11,1161,500
reasoning,arxiv,arXiv (academic),47,approach,0.008226194917882556,11,1161,500
reasoning,arxiv,arXiv (academic),48,training,0.00812106118567821,11,1161,500
reasoning,arxiv,arXiv (academic),49,dealing,0.007897591602661333,11,1161,500
reasoning,arxiv,arXiv (academic),50,writing,0.007883616534099828,11,1161,500
representation,arxiv,arXiv (academic),1,model,0.09199226892006004,11,1373,500
representation,arxiv,arXiv (academic),2,machine,0.05958290571258255,11,1373,500
representation,arxiv,arXiv (academic),3,analysis,0.04522399849473222,11,1373,500
representation,arxiv,arXiv (academic),4,structure,0.04370127975430168,11,1373,500
representation,arxiv,arXiv (academic),5,processing,0.0339562676539111,11,1373,500
representation,arxiv,arXiv (academic),6,data,0.033546573522639546,11,1373,500
representation,arxiv,arXiv (academic),7,information,0.030727480738215764,11,1373,500
representation,arxiv,arXiv (academic),8,deep,0.030550280343627757,11,1373,500
representation,arxiv,arXiv (academic),9,space,0.02879309077428451,11,1373,500
representation,arxiv,arXiv (academic),10,theory,0.02706792927455707,11,1373,500
representation,arxiv,arXiv (academic),11,representations,0.026174669014125403,11,1373,500
representation,arxiv,arXiv (academic),12,learning,0.022601284068659307,11,1373,500
representation,arxiv,arXiv (academic),13,knowledge,0.02253467092931765,11,1373,500
representation,arxiv,arXiv (academic),14,function,0.022310374111164984,11,1373,500
representation,arxiv,arXiv (academic),15,system,0.02220725459328927,11,1373,500
representation,arxiv,arXiv (academic),16,set,0.021997302221242677,11,1373,500
representation,arxiv,arXiv (academic),17,network,0.02084241799464917,11,1373,500
representation,arxiv,arXiv (academic),18,management,0.020763242614435188,11,1373,500
representation,arxiv,arXiv (academic),19,based,0.02036229635052957,11,1373,500
representation,arxiv,arXiv (academic),20,algorithm,0.018340403057347233,11,1373,500
representation,arxiv,arXiv (academic),21,approach,0.018213071415387885,11,1373,500
representation,arxiv,arXiv (academic),22,understanding,0.01807718604245765,11,1373,500
representation,arxiv,arXiv (academic),23,method,0.01689853792619559,11,1373,500
representation,arxiv,arXiv (academic),24,value,0.015113955786870395,11,1373,500
representation,arxiv,arXiv (academic),25,description,0.015057806783236143,11,1373,500
representation,arxiv,arXiv (academic),26,models,0.014616327155081118,11,1373,500
representation,arxiv,arXiv (academic),27,modeling,0.014334564755928822,11,1373,500
representation,arxiv,arXiv (academic),28,framework,0.01306148332183737,11,1373,500
representation,arxiv,arXiv (academic),29,language,0.012910948754411072,11,1373,500
representation,arxiv,arXiv (academic),30,version,0.012636254157433557,11,1373,500
representation,arxiv,arXiv (academic),31,acquisition,0.012461845500048105,11,1373,500
representation,arxiv,arXiv (academic),32,map,0.012029328082078098,11,1373,500
representation,arxiv,arXiv (academic),33,simulation,0.011521751297873289,11,1373,500
representation,arxiv,arXiv (academic),34,reinforcement,0.011085477462413132,11,1373,500
representation,arxiv,arXiv (academic),35,format,0.010880372668832659,11,1373,500
representation,arxiv,arXiv (academic),36,feature,0.010814522168416217,11,1373,500
representation,arxiv,arXiv (academic),37,form,0.010669057995526135,11,1373,500
representation,arxiv,arXiv (academic),38,state,0.010582335741593177,11,1373,500
representation,arxiv,arXiv (academic),39,design,0.010538436681340385,11,1373,500
representation,arxiv,arXiv (academic),40,problem,0.010305504729242495,11,1373,500
representation,arxiv,arXiv (academic),41,image,0.010275255792078799,11,1373,500
representation,arxiv,arXiv (academic),42,technique,0.010256269526920176,11,1373,500
representation,arxiv,arXiv (academic),43,definition,0.009824331639411162,11,1373,500
representation,arxiv,arXiv (academic),44,context,0.009698885422372785,11,1373,500
representation,arxiv,arXiv (academic),45,distribution,0.009645800328009201,11,1373,500
representation,arxiv,arXiv (academic),46,sets,0.009628069562714657,11,1373,500
representation,arxiv,arXiv (academic),47,graph,0.009607564599316939,11,1373,500
representation,arxiv,arXiv (academic),48,memory,0.008815473486082078,11,1373,500
representation,arxiv,arXiv (academic),49,domain,0.008687786952333,11,1373,500
representation,arxiv,arXiv (academic),50,features,0.008475804120884991,11,1373,500
risk,NYT,New York Times (public news),1,threat,0.16552636800632248,11,334,334
risk,NYT,New York Times (public news),2,work,0.05386167083921729,11,334,334
risk,NYT,New York Times (public news),3,problem,0.04240113423990843,11,334,334
risk,NYT,New York Times (public news),4,tech,0.04110751703886792,11,334,334
risk,NYT,New York Times (public news),5,possibility,0.04069285305892965,11,334,334
risk,NYT,New York Times (public news),6,test,0.03405535134870334,11,334,334
risk,NYT,New York Times (public news),7,level,0.030992984765825692,11,334,334
risk,NYT,New York Times (public news),8,technology,0.029406858388507894,11,334,334
risk,NYT,New York Times (public news),9,impact,0.027680793065658047,11,334,334
risk,NYT,New York Times (public news),10,issue,0.02470855981156737,11,334,334
risk,NYT,New York Times (public news),11,chance,0.02414240032447553,11,334,334
risk,NYT,New York Times (public news),12,danger,0.023273854032499718,11,334,334
risk,NYT,New York Times (public news),13,quality,0.023223942437633583,11,334,334
risk,NYT,New York Times (public news),14,cost,0.02303782907960992,11,334,334
risk,NYT,New York Times (public news),15,end,0.020162554863876362,11,334,334
risk,NYT,New York Times (public news),16,profile,0.020027732445615502,11,334,334
risk,NYT,New York Times (public news),17,threats,0.019562698758869044,11,334,334
risk,NYT,New York Times (public news),18,consequences,0.01901707326209595,11,334,334
risk,NYT,New York Times (public news),19,likelihood,0.01759399992991268,11,334,334
risk,NYT,New York Times (public news),20,performance,0.015968763917247265,11,334,334
risk,NYT,New York Times (public news),21,rate,0.014666562585365502,11,334,334
risk,NYT,New York Times (public news),22,income,0.014665935055037518,11,334,334
risk,NYT,New York Times (public news),23,problems,0.014605564213770293,11,334,334
risk,NYT,New York Times (public news),24,effects,0.014076765954014603,11,334,334
risk,NYT,New York Times (public news),25,files,0.013814361572524723,11,334,334
risk,NYT,New York Times (public news),26,stake,0.01232243841761128,11,334,334
risk,NYT,New York Times (public news),27,data,0.01228266489753915,11,334,334
risk,NYT,New York Times (public news),28,risks,0.01214961730757601,11,334,334
risk,NYT,New York Times (public news),29,value,0.011896322169048896,11,334,334
risk,NYT,New York Times (public news),30,issues,0.011582075590347246,11,334,334
risk,NYT,New York Times (public news),31,school,0.011060243058549517,11,334,334
risk,NYT,New York Times (public news),32,probability,0.010605227468435294,11,334,334
risk,NYT,New York Times (public news),33,effect,0.010601991359750948,11,334,334
risk,NYT,New York Times (public news),34,fear,0.009079715719404679,11,334,334
risk,NYT,New York Times (public news),35,self,0.009021377852365413,11,334,334
risk,NYT,New York Times (public news),36,information,0.008949238742264224,11,334,334
risk,NYT,New York Times (public news),37,sharks,0.008916841421685025,11,334,334
risk,NYT,New York Times (public news),38,costs,0.008570916190622217,11,334,334
risk,NYT,New York Times (public news),39,idea,0.008320908220414605,11,334,334
risk,NYT,New York Times (public news),40,home,0.00823909474709721,11,334,334
risk,NYT,New York Times (public news),41,priority,0.008142670395492041,11,334,334
risk,NYT,New York Times (public news),42,disease,0.008135747137028587,11,334,334
risk,NYT,New York Times (public news),43,action,0.008086934329595997,11,334,334
risk,NYT,New York Times (public news),44,rates,0.008013538811490792,11,334,334
risk,NYT,New York Times (public news),45,rival,0.007847508640125296,11,334,334
risk,NYT,New York Times (public news),46,concern,0.007761612145791315,11,334,334
risk,NYT,New York Times (public news),47,levels,0.007703895881566929,11,334,334
risk,NYT,New York Times (public news),48,continue,0.007672899501509828,11,334,334
risk,NYT,New York Times (public news),49,rating,0.007413818053650323,11,334,334
risk,NYT,New York Times (public news),50,hazard,0.007348572944980281,11,334,334
risk,WSJ,Wall Street Journal (business news),1,threat,0.2075309200931568,11,318,318
risk,WSJ,Wall Street Journal (business news),2,possibility,0.053401863734464906,11,318,318
risk,WSJ,Wall Street Journal (business news),3,challenge,0.047848126497523055,11,318,318
risk,WSJ,Wall Street Journal (business news),4,problem,0.0391366668744465,11,318,318
risk,WSJ,Wall Street Journal (business news),5,cost,0.03734037448477225,11,318,318
risk,WSJ,Wall Street Journal (business news),6,risks,0.0326669491201097,11,318,318
risk,WSJ,Wall Street Journal (business news),7,likelihood,0.03185051991934311,11,318,318
risk,WSJ,Wall Street Journal (business news),8,chance,0.02913710749738356,11,318,318
risk,WSJ,Wall Street Journal (business news),9,stake,0.026403897471616946,11,318,318
risk,WSJ,Wall Street Journal (business news),10,performance,0.024316532522672737,11,318,318
risk,WSJ,Wall Street Journal (business news),11,quality,0.024173122142703955,11,318,318
risk,WSJ,Wall Street Journal (business news),12,security,0.02134908507184939,11,318,318
risk,WSJ,Wall Street Journal (business news),13,danger,0.019381310030693183,11,318,318
risk,WSJ,Wall Street Journal (business news),14,probability,0.01709960238609256,11,318,318
risk,WSJ,Wall Street Journal (business news),15,level,0.015797941272844642,11,318,318
risk,WSJ,Wall Street Journal (business news),16,ai,0.015077148925037214,11,318,318
risk,WSJ,Wall Street Journal (business news),17,impact,0.015074071392789741,11,318,318
risk,WSJ,Wall Street Journal (business news),18,end,0.01478198460473494,11,318,318
risk,WSJ,Wall Street Journal (business news),19,tech,0.014671197066663075,11,318,318
risk,WSJ,Wall Street Journal (business news),20,levels,0.01401256532662732,11,318,318
risk,WSJ,Wall Street Journal (business news),21,problems,0.013657466541807167,11,318,318
risk,WSJ,Wall Street Journal (business news),22,concern,0.013600650594150858,11,318,318
risk,WSJ,Wall Street Journal (business news),23,self,0.013387057248613868,11,318,318
risk,WSJ,Wall Street Journal (business news),24,issue,0.012996512106886604,11,318,318
risk,WSJ,Wall Street Journal (business news),25,threats,0.012662832153362967,11,318,318
risk,WSJ,Wall Street Journal (business news),26,systems,0.012472575489033355,11,318,318
risk,WSJ,Wall Street Journal (business news),27,fear,0.012264318826624104,11,318,318
risk,WSJ,Wall Street Journal (business news),28,effects,0.011389912865142229,11,318,318
risk,WSJ,Wall Street Journal (business news),29,consequences,0.010800663505223787,11,318,318
risk,WSJ,Wall Street Journal (business news),30,challenges,0.010728850466357723,11,318,318
risk,WSJ,Wall Street Journal (business news),31,attacks,0.01057923560849962,11,318,318
risk,WSJ,Wall Street Journal (business news),32,compliance,0.010553560189141028,11,318,318
risk,WSJ,Wall Street Journal (business news),33,expectation,0.010520335489319856,11,318,318
risk,WSJ,Wall Street Journal (business news),34,enough,0.009935223319772318,11,318,318
risk,WSJ,Wall Street Journal (business news),35,potential,0.009093817878881574,11,318,318
risk,WSJ,Wall Street Journal (business news),36,accidents,0.009017218305790246,11,318,318
risk,WSJ,Wall Street Journal (business news),37,capital,0.009010961422893008,11,318,318
risk,WSJ,Wall Street Journal (business news),38,value,0.008845333727770298,11,318,318
risk,WSJ,Wall Street Journal (business news),39,technology,0.008842392870546868,11,318,318
risk,WSJ,Wall Street Journal (business news),40,data,0.00871763888857009,11,318,318
risk,WSJ,Wall Street Journal (business news),41,future,0.008685914244380288,11,318,318
risk,WSJ,Wall Street Journal (business news),42,health,0.008577522062651579,11,318,318
risk,WSJ,Wall Street Journal (business news),43,responsibility,0.008229597376065215,11,318,318
risk,WSJ,Wall Street Journal (business news),44,trend,0.008086528566942006,11,318,318
risk,WSJ,Wall Street Journal (business news),45,audit,0.008061443277105012,11,318,318
risk,WSJ,Wall Street Journal (business news),46,costs,0.008049251523205027,11,318,318
risk,WSJ,Wall Street Journal (business news),47,fault,0.00786924864314974,11,318,318
risk,WSJ,Wall Street Journal (business news),48,chances,0.007495532206936132,11,318,318
risk,WSJ,Wall Street Journal (business news),49,vulnerability,0.007461557449059161,11,318,318
risk,WSJ,Wall Street Journal (business news),50,asset,0.0073558607165930935,11,318,318
risk,arxiv,arXiv (academic),1,self,0.08376517786009721,11,520,500
risk,arxiv,arXiv (academic),2,performance,0.06938238405450238,11,520,500
risk,arxiv,arXiv (academic),3,threat,0.06171457306260689,11,520,500
risk,arxiv,arXiv (academic),4,cost,0.04675956014512347,11,520,500
risk,arxiv,arXiv (academic),5,problem,0.037076991695785634,11,520,500
risk,arxiv,arXiv (academic),6,level,0.03679655491737565,11,520,500
risk,arxiv,arXiv (academic),7,error,0.03345146612008535,11,520,500
risk,arxiv,arXiv (academic),8,data,0.03184816409441639,11,520,500
risk,arxiv,arXiv (academic),9,quality,0.02915032417230811,11,520,500
risk,arxiv,arXiv (academic),10,tax,0.02841828862926352,11,520,500
risk,arxiv,arXiv (academic),11,risks,0.026580539671485076,11,520,500
risk,arxiv,arXiv (academic),12,possibility,0.026404162967171463,11,520,500
risk,arxiv,arXiv (academic),13,uncertainty,0.023710325553570926,11,520,500
risk,arxiv,arXiv (academic),14,ai,0.023199263728388802,11,520,500
risk,arxiv,arXiv (academic),15,probability,0.022009205689894253,11,520,500
risk,arxiv,arXiv (academic),16,security,0.021754545757774243,11,520,500
risk,arxiv,arXiv (academic),17,rate,0.021042507910896388,11,520,500
risk,arxiv,arXiv (academic),18,disease,0.018093763670073412,11,520,500
risk,arxiv,arXiv (academic),19,complexity,0.016487030085159247,11,520,500
risk,arxiv,arXiv (academic),20,value,0.01596359871986041,11,520,500
risk,arxiv,arXiv (academic),21,time,0.015523346563471395,11,520,500
risk,arxiv,arXiv (academic),22,context,0.015298140122461303,11,520,500
risk,arxiv,arXiv (academic),23,non,0.014949097777051607,11,520,500
risk,arxiv,arXiv (academic),24,likelihood,0.01439480533512451,11,520,500
risk,arxiv,arXiv (academic),25,challenge,0.014234003050217664,11,520,500
risk,arxiv,arXiv (academic),26,systems,0.013244472298491709,11,520,500
risk,arxiv,arXiv (academic),27,chance,0.013183889306024588,11,520,500
risk,arxiv,arXiv (academic),28,safety,0.012849013739812325,11,520,500
risk,arxiv,arXiv (academic),29,model,0.01248907110478189,11,520,500
risk,arxiv,arXiv (academic),30,impact,0.012033372703329399,11,520,500
risk,arxiv,arXiv (academic),31,rates,0.01164598922329515,11,520,500
risk,arxiv,arXiv (academic),32,system,0.01123699382371567,11,520,500
risk,arxiv,arXiv (academic),33,problems,0.01118324806237371,11,520,500
risk,arxiv,arXiv (academic),34,danger,0.010492341145481074,11,520,500
risk,arxiv,arXiv (academic),35,knowledge,0.010172695572403766,11,520,500
risk,arxiv,arXiv (academic),36,information,0.009976216876781466,11,520,500
risk,arxiv,arXiv (academic),37,design,0.00966224218622627,11,520,500
risk,arxiv,arXiv (academic),38,behavior,0.009445318674938282,11,520,500
risk,arxiv,arXiv (academic),39,health,0.00928426541073963,11,520,500
risk,arxiv,arXiv (academic),40,concern,0.0091486711414104,11,520,500
risk,arxiv,arXiv (academic),41,trust,0.009129270594088384,11,520,500
risk,arxiv,arXiv (academic),42,issue,0.009124177025034558,11,520,500
risk,arxiv,arXiv (academic),43,based,0.009028990120026977,11,520,500
risk,arxiv,arXiv (academic),44,control,0.00898846214835372,11,520,500
risk,arxiv,arXiv (academic),45,hazard,0.008782771744543713,11,520,500
risk,arxiv,arXiv (academic),46,test,0.008714774887105316,11,520,500
risk,arxiv,arXiv (academic),47,costs,0.008385064589996447,11,520,500
risk,arxiv,arXiv (academic),48,vulnerability,0.007965650588468917,11,520,500
risk,arxiv,arXiv (academic),49,task,0.00792841404730369,11,520,500
risk,arxiv,arXiv (academic),50,equation,0.007896801631107475,11,520,500
safety,NYT,New York Times (public news),1,security,0.08744386745933956,11,452,452
safety,NYT,New York Times (public news),2,development,0.06457419177945853,11,452,452
safety,NYT,New York Times (public news),3,research,0.06288924523137886,11,452,452
safety,NYT,New York Times (public news),4,privacy,0.05764384004671597,11,452,452
safety,NYT,New York Times (public news),5,new,0.05478485493181237,11,452,452
safety,NYT,New York Times (public news),6,ai,0.04746037747394721,11,452,452
safety,NYT,New York Times (public news),7,health,0.042540131875993585,11,452,452
safety,NYT,New York Times (public news),8,technology,0.0418179585174635,11,452,452
safety,NYT,New York Times (public news),9,these,0.029586434697002232,11,452,452
safety,NYT,New York Times (public news),10,design,0.026903205552597648,11,452,452
safety,NYT,New York Times (public news),11,intelligence,0.025695895719445964,11,452,452
safety,NYT,New York Times (public news),12,ethics,0.02018501725485409,11,452,452
safety,NYT,New York Times (public news),13,quality,0.019626085200837924,11,452,452
safety,NYT,New York Times (public news),14,trust,0.019377878700977052,11,452,452
safety,NYT,New York Times (public news),15,performance,0.019061244800208856,11,452,452
safety,NYT,New York Times (public news),16,future,0.01777663736607677,11,452,452
safety,NYT,New York Times (public news),17,science,0.015191795637498418,11,452,452
safety,NYT,New York Times (public news),18,joe,0.015144837406479475,11,452,452
safety,NYT,New York Times (public news),19,abuse,0.014728317592513352,11,452,452
safety,NYT,New York Times (public news),20,control,0.014538867526401676,11,452,452
safety,NYT,New York Times (public news),21,innovation,0.014126019942558625,11,452,452
safety,NYT,New York Times (public news),22,like,0.014002185657079667,11,452,452
safety,NYT,New York Times (public news),23,industry,0.013705273093522674,11,452,452
safety,NYT,New York Times (public news),24,policy,0.012470842325267068,11,452,452
safety,NYT,New York Times (public news),25,other,0.012417952325645267,11,452,452
safety,NYT,New York Times (public news),26,reliability,0.012266997220284548,11,452,452
safety,NYT,New York Times (public news),27,technical,0.011946927044569284,11,452,452
safety,NYT,New York Times (public news),28,pilot,0.011861420972029002,11,452,452
safety,NYT,New York Times (public news),29,wellness,0.011346978848993428,11,452,452
safety,NYT,New York Times (public news),30,management,0.011103506637952315,11,452,452
safety,NYT,New York Times (public news),31,more,0.010803564036531588,11,452,452
safety,NYT,New York Times (public news),32,casino,0.010723454601673729,11,452,452
safety,NYT,New York Times (public news),33,education,0.009499038649849505,11,452,452
safety,NYT,New York Times (public news),34,integrity,0.009373782784947672,11,452,452
safety,NYT,New York Times (public news),35,compliance,0.009110935301209948,11,452,452
safety,NYT,New York Times (public news),36,environmental,0.009068082723655724,11,452,452
safety,NYT,New York Times (public news),37,information,0.009003452114815154,11,452,452
safety,NYT,New York Times (public news),38,life,0.008870392441279016,11,452,452
safety,NYT,New York Times (public news),39,software,0.008856783617101287,11,452,452
safety,NYT,New York Times (public news),40,marketing,0.008733051465657355,11,452,452
safety,NYT,New York Times (public news),41,accuracy,0.008704002356605884,11,452,452
safety,NYT,New York Times (public news),42,use,0.008574974551818836,11,452,452
safety,NYT,New York Times (public news),43,protection,0.008531886824912939,11,452,452
safety,NYT,New York Times (public news),44,drug,0.008527508595461593,11,452,452
safety,NYT,New York Times (public news),45,engineering,0.008507228228506462,11,452,452
safety,NYT,New York Times (public news),46,systems,0.008404691245813766,11,452,452
safety,NYT,New York Times (public news),47,support,0.008219440593546595,11,452,452
safety,NYT,New York Times (public news),48,art,0.00814157560849303,11,452,452
safety,NYT,New York Times (public news),49,some,0.008081526163934436,11,452,452
safety,NYT,New York Times (public news),50,freedoms,0.008045839255280511,11,452,452
safety,WSJ,Wall Street Journal (business news),1,security,0.09109134772691047,11,284,284
safety,WSJ,Wall Street Journal (business news),2,ai,0.08437182832766991,11,284,284
safety,WSJ,Wall Street Journal (business news),3,research,0.06866608911999339,11,284,284
safety,WSJ,Wall Street Journal (business news),4,privacy,0.041914198850907115,11,284,284
safety,WSJ,Wall Street Journal (business news),5,performance,0.04070259004438727,11,284,284
safety,WSJ,Wall Street Journal (business news),6,development,0.0367551150487374,11,284,284
safety,WSJ,Wall Street Journal (business news),7,new,0.03431478513197992,11,284,284
safety,WSJ,Wall Street Journal (business news),8,design,0.03385115439776306,11,284,284
safety,WSJ,Wall Street Journal (business news),9,technology,0.02889313269676748,11,284,284
safety,WSJ,Wall Street Journal (business news),10,reliability,0.02726779896057429,11,284,284
safety,WSJ,Wall Street Journal (business news),11,quality,0.025499671552154452,11,284,284
safety,WSJ,Wall Street Journal (business news),12,control,0.02457254268237492,11,284,284
safety,WSJ,Wall Street Journal (business news),13,innovation,0.021151905283529567,11,284,284
safety,WSJ,Wall Street Journal (business news),14,effectiveness,0.020895637515768256,11,284,284
safety,WSJ,Wall Street Journal (business news),15,health,0.0202912542589009,11,284,284
safety,WSJ,Wall Street Journal (business news),16,software,0.019880566509099924,11,284,284
safety,WSJ,Wall Street Journal (business news),17,efficiency,0.018992470441381755,11,284,284
safety,WSJ,Wall Street Journal (business news),18,ethical,0.01681272749526181,11,284,284
safety,WSJ,Wall Street Journal (business news),19,education,0.016586424850590573,11,284,284
safety,WSJ,Wall Street Journal (business news),20,ethics,0.015331512360369687,11,284,284
safety,WSJ,Wall Street Journal (business news),21,defense,0.014952059286091276,11,284,284
safety,WSJ,Wall Street Journal (business news),22,legal,0.01494866299220387,11,284,284
safety,WSJ,Wall Street Journal (business news),23,operating,0.014587122392048445,11,284,284
safety,WSJ,Wall Street Journal (business news),24,accuracy,0.013959529497917794,11,284,284
safety,WSJ,Wall Street Journal (business news),25,advisory,0.011990536612082936,11,284,284
safety,WSJ,Wall Street Journal (business news),26,risk,0.011912881445581565,11,284,284
safety,WSJ,Wall Street Journal (business news),27,comfort,0.011438596572955994,11,284,284
safety,WSJ,Wall Street Journal (business news),28,based,0.011295268389344202,11,284,284
safety,WSJ,Wall Street Journal (business news),29,related,0.011145625901296773,11,284,284
safety,WSJ,Wall Street Journal (business news),30,some,0.010999207137284715,11,284,284
safety,WSJ,Wall Street Journal (business news),31,protection,0.010548669708481572,11,284,284
safety,WSJ,Wall Street Journal (business news),32,own,0.01039834647678079,11,284,284
safety,WSJ,Wall Street Journal (business news),33,management,0.010378708606027957,11,284,284
safety,WSJ,Wall Street Journal (business news),34,care,0.009887985901504182,11,284,284
safety,WSJ,Wall Street Journal (business news),35,intelligence,0.00979730663586383,11,284,284
safety,WSJ,Wall Street Journal (business news),36,technical,0.009748991880385038,11,284,284
safety,WSJ,Wall Street Journal (business news),37,science,0.009393216945540874,11,284,284
safety,WSJ,Wall Street Journal (business news),38,speed,0.00932441940304907,11,284,284
safety,WSJ,Wall Street Journal (business news),39,regulatory,0.009311162985173316,11,284,284
safety,WSJ,Wall Street Journal (business news),40,welfare,0.009196748030559093,11,284,284
safety,WSJ,Wall Street Journal (business news),41,pornography,0.009060988856349044,11,284,284
safety,WSJ,Wall Street Journal (business news),42,financial,0.009019190428133681,11,284,284
safety,WSJ,Wall Street Journal (business news),43,analytics,0.008936454631823425,11,284,284
safety,WSJ,Wall Street Journal (business news),44,first,0.008847101008934386,11,284,284
safety,WSJ,Wall Street Journal (business news),45,computer,0.008826437713745625,11,284,284
safety,WSJ,Wall Street Journal (business news),46,business,0.008615489878013626,11,284,284
safety,WSJ,Wall Street Journal (business news),47,systems,0.008558851535197353,11,284,284
safety,WSJ,Wall Street Journal (business news),48,prevention,0.008437931702401908,11,284,284
safety,WSJ,Wall Street Journal (business news),49,integrity,0.008330717415864771,11,284,284
safety,WSJ,Wall Street Journal (business news),50,funding,0.008309036774240665,11,284,284
safety,arxiv,arXiv (academic),1,performance,0.15395165581651743,11,424,424
safety,arxiv,arXiv (academic),2,quality,0.09303945140032986,11,424,424
safety,arxiv,arXiv (academic),3,security,0.059899432196310005,11,424,424
safety,arxiv,arXiv (academic),4,research,0.05183448624142907,11,424,424
safety,arxiv,arXiv (academic),5,reliability,0.036933269135559374,11,424,424
safety,arxiv,arXiv (academic),6,ai,0.036102230238450404,11,424,424
safety,arxiv,arXiv (academic),7,health,0.03238314115444327,11,424,424
safety,arxiv,arXiv (academic),8,design,0.03213741595443453,11,424,424
safety,arxiv,arXiv (academic),9,efficiency,0.026353991823507558,11,424,424
safety,arxiv,arXiv (academic),10,mission,0.025817105328763794,11,424,424
safety,arxiv,arXiv (academic),11,accuracy,0.02141062148094312,11,424,424
safety,arxiv,arXiv (academic),12,effectiveness,0.020401769289311464,11,424,424
safety,arxiv,arXiv (academic),13,risk,0.018628075986196976,11,424,424
safety,arxiv,arXiv (academic),14,development,0.016609968612533162,11,424,424
safety,arxiv,arXiv (academic),15,theory,0.015384857472676823,11,424,424
safety,arxiv,arXiv (academic),16,control,0.015040994378297841,11,424,424
safety,arxiv,arXiv (academic),17,systems,0.014669039165341752,11,424,424
safety,arxiv,arXiv (academic),18,success,0.013782807386871461,11,424,424
safety,arxiv,arXiv (academic),19,ethics,0.013321940117563139,11,424,424
safety,arxiv,arXiv (academic),20,integrity,0.01307162575817049,11,424,424
safety,arxiv,arXiv (academic),21,ethical,0.012886225346759343,11,424,424
safety,arxiv,arXiv (academic),22,analysis,0.012818905879002897,11,424,424
safety,arxiv,arXiv (academic),23,technology,0.012012757911558057,11,424,424
safety,arxiv,arXiv (academic),24,non,0.011677298225572135,11,424,424
safety,arxiv,arXiv (academic),25,validity,0.011212713737772079,11,424,424
safety,arxiv,arXiv (academic),26,learning,0.011166027508905005,11,424,424
safety,arxiv,arXiv (academic),27,management,0.010782589904323247,11,424,424
safety,arxiv,arXiv (academic),28,stability,0.01036586052426897,11,424,424
safety,arxiv,arXiv (academic),29,time,0.010269914882783823,11,424,424
safety,arxiv,arXiv (academic),30,protection,0.009997993584826803,11,424,424
safety,arxiv,arXiv (academic),31,software,0.009939951028628304,11,424,424
safety,arxiv,arXiv (academic),32,science,0.009850657856507695,11,424,424
safety,arxiv,arXiv (academic),33,privacy,0.00980913306931409,11,424,424
safety,arxiv,arXiv (academic),34,cost,0.009500027247802365,11,424,424
safety,arxiv,arXiv (academic),35,technical,0.009345482589732588,11,424,424
safety,arxiv,arXiv (academic),36,intelligence,0.009287436168433734,11,424,424
safety,arxiv,arXiv (academic),37,policy,0.008980336702144508,11,424,424
safety,arxiv,arXiv (academic),38,information,0.008904394929449751,11,424,424
safety,arxiv,arXiv (academic),39,complexity,0.008755076112299197,11,424,424
safety,arxiv,arXiv (academic),40,only,0.008728280521917616,11,424,424
safety,arxiv,arXiv (academic),41,safe,0.008712838714250654,11,424,424
safety,arxiv,arXiv (academic),42,data,0.008662457814069385,11,424,424
safety,arxiv,arXiv (academic),43,researchers,0.00862362194473384,11,424,424
safety,arxiv,arXiv (academic),44,engineering,0.00854879413164804,11,424,424
safety,arxiv,arXiv (academic),45,space,0.008391712962852328,11,424,424
safety,arxiv,arXiv (academic),46,fairness,0.008204111560774215,11,424,424
safety,arxiv,arXiv (academic),47,behavior,0.008188091412561499,11,424,424
safety,arxiv,arXiv (academic),48,knowledge,0.008169801974118256,11,424,424
safety,arxiv,arXiv (academic),49,uncertainty,0.007722822026315003,11,424,424
safety,arxiv,arXiv (academic),50,compliance,0.0077108047890228374,11,424,424
system,NYT,New York Times (public news),1,program,0.10102182775015893,11,1521,500
system,NYT,New York Times (public news),2,machine,0.06666897324216572,11,1521,500
system,NYT,New York Times (public news),3,technology,0.06231060080711754,11,1521,500
system,NYT,New York Times (public news),4,software,0.05581394197293001,11,1521,500
system,NYT,New York Times (public news),5,model,0.0540937389544904,11,1521,500
system,NYT,New York Times (public news),6,device,0.03342306953614921,11,1521,500
system,NYT,New York Times (public news),7,project,0.03189098133172132,11,1521,500
system,NYT,New York Times (public news),8,computer,0.028963238278865072,11,1521,500
system,NYT,New York Times (public news),9,algorithm,0.028549381096636923,11,1521,500
system,NYT,New York Times (public news),10,robot,0.028046020968599865,11,1521,500
system,NYT,New York Times (public news),11,network,0.026812037204535157,11,1521,500
system,NYT,New York Times (public news),12,tool,0.026077134203628345,11,1521,500
system,NYT,New York Times (public news),13,company,0.023861899892031545,11,1521,500
system,NYT,New York Times (public news),14,systems,0.022876468481179916,11,1521,500
system,NYT,New York Times (public news),15,product,0.02203762791875626,11,1521,500
system,NYT,New York Times (public news),16,platform,0.02164467468026933,11,1521,500
system,NYT,New York Times (public news),17,application,0.0202365733827536,11,1521,500
system,NYT,New York Times (public news),18,process,0.018325308352267377,11,1521,500
system,NYT,New York Times (public news),19,user,0.018197377541246153,11,1521,500
system,NYT,New York Times (public news),20,game,0.018126706803576628,11,1521,500
system,NYT,New York Times (public news),21,team,0.017184224269808927,11,1521,500
system,NYT,New York Times (public news),22,test,0.01612901903505596,11,1521,500
system,NYT,New York Times (public news),23,method,0.015616873056888182,11,1521,500
system,NYT,New York Times (public news),24,service,0.014524875825045185,11,1521,500
system,NYT,New York Times (public news),25,way,0.01450483487023262,11,1521,500
system,NYT,New York Times (public news),26,approach,0.014186502437816844,11,1521,500
system,NYT,New York Times (public news),27,engine,0.013953154161414556,11,1521,500
system,NYT,New York Times (public news),28,solution,0.013253499237719174,11,1521,500
system,NYT,New York Times (public news),29,design,0.0125491822231043,11,1521,500
system,NYT,New York Times (public news),30,ai,0.012313927657699064,11,1521,500
system,NYT,New York Times (public news),31,technique,0.012215729960645695,11,1521,500
system,NYT,New York Times (public news),32,student,0.012081508478077657,11,1521,500
system,NYT,New York Times (public news),33,strategy,0.007964841677161416,11,1521,500
system,NYT,New York Times (public news),34,group,0.007771964121953603,11,1521,500
system,NYT,New York Times (public news),35,framework,0.007690874579616787,11,1521,500
system,NYT,New York Times (public news),36,database,0.007658927443740622,11,1521,500
system,NYT,New York Times (public news),37,research,0.007631577971968498,11,1521,500
system,NYT,New York Times (public news),38,app,0.007628936532357997,11,1521,500
system,NYT,New York Times (public news),39,facility,0.007235333883797912,11,1521,500
system,NYT,New York Times (public news),40,language,0.007172082304403554,11,1521,500
system,NYT,New York Times (public news),41,website,0.006736651332772144,11,1521,500
system,NYT,New York Times (public news),42,brain,0.006584716199853119,11,1521,500
system,NYT,New York Times (public news),43,organization,0.006499334284432156,11,1521,500
system,NYT,New York Times (public news),44,mechanism,0.006202736536149045,11,1521,500
system,NYT,New York Times (public news),45,operator,0.006159916834832764,11,1521,500
system,NYT,New York Times (public news),46,aircraft,0.0060513599334325145,11,1521,500
system,NYT,New York Times (public news),47,site,0.006025942832097605,11,1521,500
system,NYT,New York Times (public news),48,work,0.005851722158438786,11,1521,500
system,NYT,New York Times (public news),49,player,0.005832292868269671,11,1521,500
system,NYT,New York Times (public news),50,environment,0.005809874892134032,11,1521,500
system,WSJ,Wall Street Journal (business news),1,program,0.11582976813630297,11,764,500
system,WSJ,Wall Street Journal (business news),2,software,0.06987075079514618,11,764,500
system,WSJ,Wall Street Journal (business news),3,technology,0.06789571413413906,11,764,500
system,WSJ,Wall Street Journal (business news),4,platform,0.05811110510802239,11,764,500
system,WSJ,Wall Street Journal (business news),5,computer,0.044707129653966414,11,764,500
system,WSJ,Wall Street Journal (business news),6,model,0.04112176255138098,11,764,500
system,WSJ,Wall Street Journal (business news),7,game,0.0318399528732281,11,764,500
system,WSJ,Wall Street Journal (business news),8,product,0.031525410922102585,11,764,500
system,WSJ,Wall Street Journal (business news),9,company,0.027681027674360446,11,764,500
system,WSJ,Wall Street Journal (business news),10,systems,0.027257811983094488,11,764,500
system,WSJ,Wall Street Journal (business news),11,ai,0.02667074632019811,11,764,500
system,WSJ,Wall Street Journal (business news),12,tool,0.024992349196232687,11,764,500
system,WSJ,Wall Street Journal (business news),13,project,0.024648555224319656,11,764,500
system,WSJ,Wall Street Journal (business news),14,machine,0.024242755652354384,11,764,500
system,WSJ,Wall Street Journal (business news),15,device,0.02370106073111962,11,764,500
system,WSJ,Wall Street Journal (business news),16,application,0.023108004593085662,11,764,500
system,WSJ,Wall Street Journal (business news),17,solution,0.021918585150170342,11,764,500
system,WSJ,Wall Street Journal (business news),18,algorithm,0.02184434698251498,11,764,500
system,WSJ,Wall Street Journal (business news),19,network,0.017717053187912103,11,764,500
system,WSJ,Wall Street Journal (business news),20,vehicle,0.017254482594927303,11,764,500
system,WSJ,Wall Street Journal (business news),21,robot,0.016833863122232055,11,764,500
system,WSJ,Wall Street Journal (business news),22,team,0.016717128240423665,11,764,500
system,WSJ,Wall Street Journal (business news),23,service,0.013843321508051225,11,764,500
system,WSJ,Wall Street Journal (business news),24,engine,0.013735934195856102,11,764,500
system,WSJ,Wall Street Journal (business news),25,process,0.013234500603038712,11,764,500
system,WSJ,Wall Street Journal (business news),26,approach,0.013030851748466257,11,764,500
system,WSJ,Wall Street Journal (business news),27,design,0.012151452448464002,11,764,500
system,WSJ,Wall Street Journal (business news),28,app,0.011300644740685867,11,764,500
system,WSJ,Wall Street Journal (business news),29,user,0.010376271092739085,11,764,500
system,WSJ,Wall Street Journal (business news),30,database,0.010312426366477686,11,764,500
system,WSJ,Wall Street Journal (business news),31,architecture,0.009446151628834326,11,764,500
system,WSJ,Wall Street Journal (business news),32,expert,0.008757324783205006,11,764,500
system,WSJ,Wall Street Journal (business news),33,technique,0.008429408790080318,11,764,500
system,WSJ,Wall Street Journal (business news),34,method,0.007342432879851112,11,764,500
system,WSJ,Wall Street Journal (business news),35,website,0.007129438252018162,11,764,500
system,WSJ,Wall Street Journal (business news),36,based,0.006882038898386513,11,764,500
system,WSJ,Wall Street Journal (business news),37,framework,0.006718590314379073,11,764,500
system,WSJ,Wall Street Journal (business news),38,brain,0.006566616634279392,11,764,500
system,WSJ,Wall Street Journal (business news),39,site,0.006484849594328005,11,764,500
system,WSJ,Wall Street Journal (business news),40,center,0.006198320448997758,11,764,500
system,WSJ,Wall Street Journal (business news),41,environment,0.006050417411699352,11,764,500
system,WSJ,Wall Street Journal (business news),42,test,0.006019069081474778,11,764,500
system,WSJ,Wall Street Journal (business news),43,strategy,0.00536164474201338,11,764,500
system,WSJ,Wall Street Journal (business news),44,language,0.005180258851992479,11,764,500
system,WSJ,Wall Street Journal (business news),45,breach,0.0051705903232504334,11,764,500
system,WSJ,Wall Street Journal (business news),46,interface,0.005161735810054163,11,764,500
system,WSJ,Wall Street Journal (business news),47,package,0.005023307566916367,11,764,500
system,WSJ,Wall Street Journal (business news),48,capabilities,0.004912391135894272,11,764,500
system,WSJ,Wall Street Journal (business news),49,player,0.004855698139877308,11,764,500
system,WSJ,Wall Street Journal (business news),50,screen,0.004834947181454792,11,764,500
system,arxiv,arXiv (academic),1,model,0.09606383819562443,11,4468,500
system,arxiv,arXiv (academic),2,software,0.059604613651181935,11,4468,500
system,arxiv,arXiv (academic),3,program,0.05896746736169119,11,4468,500
system,arxiv,arXiv (academic),4,algorithm,0.054746342800606265,11,4468,500
system,arxiv,arXiv (academic),5,network,0.053649308598376126,11,4468,500
system,arxiv,arXiv (academic),6,systems,0.046923474798490857,11,4468,500
system,arxiv,arXiv (academic),7,ai,0.035982843794927215,11,4468,500
system,arxiv,arXiv (academic),8,computer,0.030504741094729556,11,4468,500
system,arxiv,arXiv (academic),9,process,0.025353695807541505,11,4468,500
system,arxiv,arXiv (academic),10,approach,0.02468378257441304,11,4468,500
system,arxiv,arXiv (academic),11,application,0.023882139919803886,11,4468,500
system,arxiv,arXiv (academic),12,user,0.023847680943277303,11,4468,500
system,arxiv,arXiv (academic),13,tool,0.023815293537084083,11,4468,500
system,arxiv,arXiv (academic),14,project,0.022607199544823108,11,4468,500
system,arxiv,arXiv (academic),15,method,0.02256264536502666,11,4468,500
system,arxiv,arXiv (academic),16,environment,0.018921077072507703,11,4468,500
system,arxiv,arXiv (academic),17,problem,0.018768908288422082,11,4468,500
system,arxiv,arXiv (academic),18,technology,0.01838804484009263,11,4468,500
system,arxiv,arXiv (academic),19,framework,0.01831615225015076,11,4468,500
system,arxiv,arXiv (academic),20,design,0.01783943217108848,11,4468,500
system,arxiv,arXiv (academic),21,robot,0.014856381298258888,11,4468,500
system,arxiv,arXiv (academic),22,machine,0.014603849123858707,11,4468,500
system,arxiv,arXiv (academic),23,hardware,0.01428447646480128,11,4468,500
system,arxiv,arXiv (academic),24,task,0.014113144233735319,11,4468,500
system,arxiv,arXiv (academic),25,architecture,0.013914385990420435,11,4468,500
system,arxiv,arXiv (academic),26,device,0.01187719131857751,11,4468,500
system,arxiv,arXiv (academic),27,platform,0.011775835006008569,11,4468,500
system,arxiv,arXiv (academic),28,language,0.011671115729921196,11,4468,500
system,arxiv,arXiv (academic),29,technique,0.011630119155747564,11,4468,500
system,arxiv,arXiv (academic),30,test,0.011456921708695804,11,4468,500
system,arxiv,arXiv (academic),31,database,0.011350197965287313,11,4468,500
system,arxiv,arXiv (academic),32,solution,0.010926912846010871,11,4468,500
system,arxiv,arXiv (academic),33,data,0.010616374398206339,11,4468,500
system,arxiv,arXiv (academic),34,function,0.009643187877764083,11,4468,500
system,arxiv,arXiv (academic),35,team,0.009299271281143925,11,4468,500
system,arxiv,arXiv (academic),36,engine,0.009271934256342084,11,4468,500
system,arxiv,arXiv (academic),37,set,0.009187179969540722,11,4468,500
system,arxiv,arXiv (academic),38,analysis,0.009066014446695525,11,4468,500
system,arxiv,arXiv (academic),39,networks,0.008953133987832823,11,4468,500
system,arxiv,arXiv (academic),40,game,0.008877345204278093,11,4468,500
system,arxiv,arXiv (academic),41,world,0.008667591221891854,11,4468,500
system,arxiv,arXiv (academic),42,simulation,0.008573960425019195,11,4468,500
system,arxiv,arXiv (academic),43,state,0.00833511908494318,11,4468,500
system,arxiv,arXiv (academic),44,cortex,0.008109517439732317,11,4468,500
system,arxiv,arXiv (academic),45,models,0.007432527040592777,11,4468,500
system,arxiv,arXiv (academic),46,interface,0.007400629490532191,11,4468,500
system,arxiv,arXiv (academic),47,theory,0.007244647458861473,11,4468,500
system,arxiv,arXiv (academic),48,package,0.007195144134932119,11,4468,500
system,arxiv,arXiv (academic),49,product,0.007128713923409436,11,4468,500
system,arxiv,arXiv (academic),50,used,0.007108494907099612,11,4468,500
training,NYT,New York Times (public news),1,using,0.20630294815362765,11,457,457
training,NYT,New York Times (public news),2,developing,0.09692165347302001,11,457,457
training,NYT,New York Times (public news),3,building,0.06873008325101242,11,457,457
training,NYT,New York Times (public news),4,creating,0.053630547448134794,11,457,457
training,NYT,New York Times (public news),5,testing,0.03325522840762202,11,457,457
training,NYT,New York Times (public news),6,development,0.032524543450721595,11,457,457
training,NYT,New York Times (public news),7,research,0.029464825693407772,11,457,457
training,NYT,New York Times (public news),8,running,0.02427218347848849,11,457,457
training,NYT,New York Times (public news),9,input,0.021894801298222036,11,457,457
training,NYT,New York Times (public news),10,raw,0.019538148988621648,11,457,457
training,NYT,New York Times (public news),11,source,0.018789651595013147,11,457,457
training,NYT,New York Times (public news),12,own,0.01876709466756772,11,457,457
training,NYT,New York Times (public news),13,new,0.015230811011046787,11,457,457
training,NYT,New York Times (public news),14,expertise,0.014823217826351076,11,457,457
training,NYT,New York Times (public news),15,computer,0.014283020579121685,11,457,457
training,NYT,New York Times (public news),16,creation,0.01384508102797364,11,457,457
training,NYT,New York Times (public news),17,designing,0.013447955794586058,11,457,457
training,NYT,New York Times (public news),18,preparing,0.013177641026230747,11,457,457
training,NYT,New York Times (public news),19,work,0.013156374742766925,11,457,457
training,NYT,New York Times (public news),20,all,0.012504258465852128,11,457,457
training,NYT,New York Times (public news),21,other,0.012400648513847083,11,457,457
training,NYT,New York Times (public news),22,learning,0.01232544561582741,11,457,457
training,NYT,New York Times (public news),23,implementing,0.01210362922840958,11,457,457
training,NYT,New York Times (public news),24,getting,0.011187712813410267,11,457,457
training,NYT,New York Times (public news),25,design,0.00994151574503615,11,457,457
training,NYT,New York Times (public news),26,skills,0.009929395724285691,11,457,457
training,NYT,New York Times (public news),27,working,0.009872650936978086,11,457,457
training,NYT,New York Times (public news),28,studying,0.009556513722513437,11,457,457
training,NYT,New York Times (public news),29,constructing,0.009506112634405695,11,457,457
training,NYT,New York Times (public news),30,time,0.009391688766538156,11,457,457
training,NYT,New York Times (public news),31,profession,0.009171134411236567,11,457,457
training,NYT,New York Times (public news),32,skill,0.008931359201944164,11,457,457
training,NYT,New York Times (public news),33,education,0.008867814724963723,11,457,457
training,NYT,New York Times (public news),34,data,0.008728780091041251,11,457,457
training,NYT,New York Times (public news),35,missions,0.008694759895640584,11,457,457
training,NYT,New York Times (public news),36,performance,0.008558227923599537,11,457,457
training,NYT,New York Times (public news),37,knowledge,0.00838726978781501,11,457,457
training,NYT,New York Times (public news),38,experience,0.008378206875972348,11,457,457
training,NYT,New York Times (public news),39,use,0.008375380012884568,11,457,457
training,NYT,New York Times (public news),40,difficulty,0.008346117769760873,11,457,457
training,NYT,New York Times (public news),41,clicking,0.008076605920558776,11,457,457
training,NYT,New York Times (public news),42,artificial,0.0076495774082775934,11,457,457
training,NYT,New York Times (public news),43,making,0.007636575860017695,11,457,457
training,NYT,New York Times (public news),44,test,0.007582498114687104,11,457,457
training,NYT,New York Times (public news),45,modeling,0.007487026937917056,11,457,457
training,NYT,New York Times (public news),46,information,0.007424223551081852,11,457,457
training,NYT,New York Times (public news),47,allowing,0.007096882591838842,11,457,457
training,NYT,New York Times (public news),48,finding,0.006650166094485102,11,457,457
training,NYT,New York Times (public news),49,environment,0.0066190310532136,11,457,457
training,NYT,New York Times (public news),50,software,0.0065629776924237245,11,457,457
training,WSJ,Wall Street Journal (business news),1,using,0.1253656221391527,11,449,449
training,WSJ,Wall Street Journal (business news),2,developing,0.11317240117346983,11,449,449
training,WSJ,Wall Street Journal (business news),3,building,0.05394153861297175,11,449,449
training,WSJ,Wall Street Journal (business news),4,creating,0.04817699729490932,11,449,449
training,WSJ,Wall Street Journal (business news),5,testing,0.038246285473697725,11,449,449
training,WSJ,Wall Street Journal (business news),6,development,0.03316298217484563,11,449,449
training,WSJ,Wall Street Journal (business news),7,learning,0.027550935529560856,11,449,449
training,WSJ,Wall Street Journal (business news),8,based,0.025797080721347503,11,449,449
training,WSJ,Wall Street Journal (business news),9,research,0.02502034979787917,11,449,449
training,WSJ,Wall Street Journal (business news),10,ai,0.023508926904769425,11,449,449
training,WSJ,Wall Street Journal (business news),11,experience,0.02298562782571234,11,449,449
training,WSJ,Wall Street Journal (business news),12,designing,0.022044035976002775,11,449,449
training,WSJ,Wall Street Journal (business news),13,test,0.02142651811141148,11,449,449
training,WSJ,Wall Street Journal (business news),14,running,0.021123205982767672,11,449,449
training,WSJ,Wall Street Journal (business news),15,applications,0.021108617951649804,11,449,449
training,WSJ,Wall Street Journal (business news),16,implementing,0.02052963678217811,11,449,449
training,WSJ,Wall Street Journal (business news),17,software,0.01954402340314358,11,449,449
training,WSJ,Wall Street Journal (business news),18,input,0.0180036340858995,11,449,449
training,WSJ,Wall Street Journal (business news),19,business,0.016622284084329288,11,449,449
training,WSJ,Wall Street Journal (business news),20,information,0.013382693474271507,11,449,449
training,WSJ,Wall Street Journal (business news),21,jobs,0.012418962053400692,11,449,449
training,WSJ,Wall Street Journal (business news),22,design,0.012000479398440869,11,449,449
training,WSJ,Wall Street Journal (business news),23,knowledge,0.011976399478799155,11,449,449
training,WSJ,Wall Street Journal (business news),24,programs,0.011883529477557409,11,449,449
training,WSJ,Wall Street Journal (business news),25,raw,0.011808417044087319,11,449,449
training,WSJ,Wall Street Journal (business news),26,own,0.011213081951615435,11,449,449
training,WSJ,Wall Street Journal (business news),27,modeling,0.011124961749189682,11,449,449
training,WSJ,Wall Street Journal (business news),28,all,0.01102652915993369,11,449,449
training,WSJ,Wall Street Journal (business news),29,programming,0.010897709934018347,11,449,449
training,WSJ,Wall Street Journal (business news),30,analysis,0.010319871117216637,11,449,449
training,WSJ,Wall Street Journal (business news),31,inference,0.010046257733628314,11,449,449
training,WSJ,Wall Street Journal (business news),32,data,0.009998496082717231,11,449,449
training,WSJ,Wall Street Journal (business news),33,systems,0.009828418661060387,11,449,449
training,WSJ,Wall Street Journal (business news),34,simulation,0.00981872056582864,11,449,449
training,WSJ,Wall Street Journal (business news),35,allowing,0.009737828361446937,11,449,449
training,WSJ,Wall Street Journal (business news),36,only,0.00971179736218632,11,449,449
training,WSJ,Wall Street Journal (business news),37,computer,0.009600749792430637,11,449,449
training,WSJ,Wall Street Journal (business news),38,marketing,0.00914821985159757,11,449,449
training,WSJ,Wall Street Journal (business news),39,new,0.008939935564943147,11,449,449
training,WSJ,Wall Street Journal (business news),40,expertise,0.00885687730653513,11,449,449
training,WSJ,Wall Street Journal (business news),41,program,0.008771760490795089,11,449,449
training,WSJ,Wall Street Journal (business news),42,future,0.008749428006619129,11,449,449
training,WSJ,Wall Street Journal (business news),43,installing,0.008621627657430018,11,449,449
training,WSJ,Wall Street Journal (business news),44,early,0.008210828356594252,11,449,449
training,WSJ,Wall Street Journal (business news),45,system,0.008121320939676501,11,449,449
training,WSJ,Wall Street Journal (business news),46,manufacturing,0.007742910504146539,11,449,449
training,WSJ,Wall Street Journal (business news),47,providing,0.007572914745171903,11,449,449
training,WSJ,Wall Street Journal (business news),48,producing,0.007279174910514422,11,449,449
training,WSJ,Wall Street Journal (business news),49,source,0.006939934223686417,11,449,449
training,WSJ,Wall Street Journal (business news),50,courses,0.006919460018762402,11,449,449
training,arxiv,arXiv (academic),1,test,0.08088828372065672,11,5810,500
training,arxiv,arXiv (academic),2,using,0.06060781775148385,11,5810,500
training,arxiv,arXiv (academic),3,data,0.05865840473197427,11,5810,500
training,arxiv,arXiv (academic),4,learning,0.051513612987899284,11,5810,500
training,arxiv,arXiv (academic),5,processing,0.04388229472530785,11,5810,500
training,arxiv,arXiv (academic),6,analysis,0.0428742494070966,11,5810,500
training,arxiv,arXiv (academic),7,development,0.04227501240080614,11,5810,500
training,arxiv,arXiv (academic),8,testing,0.0339638925921984,11,5810,500
training,arxiv,arXiv (academic),9,input,0.03287448104067862,11,5810,500
training,arxiv,arXiv (academic),10,simulation,0.030991436226632356,11,5810,500
training,arxiv,arXiv (academic),11,design,0.02711691635476475,11,5810,500
training,arxiv,arXiv (academic),12,building,0.025372597632408542,11,5810,500
training,arxiv,arXiv (academic),13,research,0.022784961001459637,11,5810,500
training,arxiv,arXiv (academic),14,modeling,0.02237683113357151,11,5810,500
training,arxiv,arXiv (academic),15,evaluation,0.021975883790900517,11,5810,500
training,arxiv,arXiv (academic),16,model,0.020883012694858528,11,5810,500
training,arxiv,arXiv (academic),17,developing,0.020508757896489937,11,5810,500
training,arxiv,arXiv (academic),18,validation,0.018690146088302762,11,5810,500
training,arxiv,arXiv (academic),19,creating,0.01724320278238173,11,5810,500
training,arxiv,arXiv (academic),20,original,0.015484394389050696,11,5810,500
training,arxiv,arXiv (academic),21,performance,0.014578159924419272,11,5810,500
training,arxiv,arXiv (academic),22,raw,0.013835839245080346,11,5810,500
training,arxiv,arXiv (academic),23,reference,0.013782091192607766,11,5810,500
training,arxiv,arXiv (academic),24,based,0.013702518750476005,11,5810,500
training,arxiv,arXiv (academic),25,implementation,0.01263703124179966,11,5810,500
training,arxiv,arXiv (academic),26,all,0.01238725506167032,11,5810,500
training,arxiv,arXiv (academic),27,sample,0.011951214076946033,11,5810,500
training,arxiv,arXiv (academic),28,creation,0.011691642314676122,11,5810,500
training,arxiv,arXiv (academic),29,computation,0.011576354287370628,11,5810,500
training,arxiv,arXiv (academic),30,experimental,0.011510066246459207,11,5810,500
training,arxiv,arXiv (academic),31,given,0.011003561728914169,11,5810,500
training,arxiv,arXiv (academic),32,designing,0.010921465495537925,11,5810,500
training,arxiv,arXiv (academic),33,computing,0.010432969420822865,11,5810,500
training,arxiv,arXiv (academic),34,computational,0.010366133026834807,11,5810,500
training,arxiv,arXiv (academic),35,constructing,0.010298763290776053,11,5810,500
training,arxiv,arXiv (academic),36,implementing,0.010208084681504949,11,5810,500
training,arxiv,arXiv (academic),37,same,0.009593109295423861,11,5810,500
training,arxiv,arXiv (academic),38,selection,0.009379243876914217,11,5810,500
training,arxiv,arXiv (academic),39,neural,0.009283495441366148,11,5810,500
training,arxiv,arXiv (academic),40,new,0.008931515450812406,11,5810,500
training,arxiv,arXiv (academic),41,software,0.008802218316577032,11,5810,500
training,arxiv,arXiv (academic),42,resulting,0.008646041403343574,11,5810,500
training,arxiv,arXiv (academic),43,ml,0.008506325755503672,11,5810,500
training,arxiv,arXiv (academic),44,these,0.008487139875620197,11,5810,500
training,arxiv,arXiv (academic),45,production,0.008329859669690302,11,5810,500
training,arxiv,arXiv (academic),46,use,0.008322762763558996,11,5810,500
training,arxiv,arXiv (academic),47,assessment,0.007780321922464735,11,5810,500
training,arxiv,arXiv (academic),48,source,0.007617735943391754,11,5810,500
training,arxiv,arXiv (academic),49,response,0.007296293034026685,11,5810,500
training,arxiv,arXiv (academic),50,random,0.007174597916487847,11,5810,500
understanding,NYT,New York Times (public news),1,processing,0.1243645197341909,11,233,233
understanding,NYT,New York Times (public news),2,recognition,0.07898291872658357,11,233,233
understanding,NYT,New York Times (public news),3,knowledge,0.07517188795890452,11,233,233
understanding,NYT,New York Times (public news),4,learning,0.06814165558975453,11,233,233
understanding,NYT,New York Times (public news),5,knowing,0.04081794930827941,11,233,233
understanding,NYT,New York Times (public news),6,using,0.03541601017132278,11,233,233
understanding,NYT,New York Times (public news),7,acquisition,0.028944413477900815,11,233,233
understanding,NYT,New York Times (public news),8,idea,0.027164088435010652,11,233,233
understanding,NYT,New York Times (public news),9,getting,0.0271136812586204,11,233,233
understanding,NYT,New York Times (public news),10,perception,0.023009450004144998,11,233,233
understanding,NYT,New York Times (public news),11,array,0.022861278146423407,11,233,233
understanding,NYT,New York Times (public news),12,awareness,0.02248486823335833,11,233,233
understanding,NYT,New York Times (public news),13,view,0.02212083410395841,11,233,233
understanding,NYT,New York Times (public news),14,finding,0.02133539633273998,11,233,233
understanding,NYT,New York Times (public news),15,recognizing,0.021320448439611537,11,233,233
understanding,NYT,New York Times (public news),16,intelligence,0.020103148174703656,11,233,233
understanding,NYT,New York Times (public news),17,studying,0.01952509450175636,11,233,233
understanding,NYT,New York Times (public news),18,sense,0.01840557356932514,11,233,233
understanding,NYT,New York Times (public news),19,identifying,0.01749029132017265,11,233,233
understanding,NYT,New York Times (public news),20,detecting,0.01571933007558416,11,233,233
understanding,NYT,New York Times (public news),21,explaining,0.015662967708177166,11,233,233
understanding,NYT,New York Times (public news),22,human,0.01540952822451597,11,233,233
understanding,NYT,New York Times (public news),23,determining,0.014381319945956938,11,233,233
understanding,NYT,New York Times (public news),24,reading,0.013652939421871242,11,233,233
understanding,NYT,New York Times (public news),25,natural,0.010138512027015524,11,233,233
understanding,NYT,New York Times (public news),26,communication,0.010130832624168496,11,233,233
understanding,NYT,New York Times (public news),27,use,0.010104738145798632,11,233,233
understanding,NYT,New York Times (public news),28,doing,0.009810423217180795,11,233,233
understanding,NYT,New York Times (public news),29,consensus,0.009459347327304222,11,233,233
understanding,NYT,New York Times (public news),30,model,0.009043987821229425,11,233,233
understanding,NYT,New York Times (public news),31,analysis,0.009004878324283762,11,233,233
understanding,NYT,New York Times (public news),32,language,0.008548767307978636,11,233,233
understanding,NYT,New York Times (public news),33,opinion,0.008501181280957622,11,233,233
understanding,NYT,New York Times (public news),34,creating,0.008138879091369093,11,233,233
understanding,NYT,New York Times (public news),35,conversation,0.008108080836594183,11,233,233
understanding,NYT,New York Times (public news),36,analyzing,0.008089690390715696,11,233,233
understanding,NYT,New York Times (public news),37,measuring,0.007965829741386203,11,233,233
understanding,NYT,New York Times (public news),38,capabilities,0.007955142578519488,11,233,233
understanding,NYT,New York Times (public news),39,interpreting,0.007938712912771073,11,233,233
understanding,NYT,New York Times (public news),40,drawing,0.007848783871384137,11,233,233
understanding,NYT,New York Times (public news),41,hearing,0.00772684985187971,11,233,233
understanding,NYT,New York Times (public news),42,programming,0.0074968108371361525,11,233,233
understanding,NYT,New York Times (public news),43,improving,0.007393067399865947,11,233,233
understanding,NYT,New York Times (public news),44,following,0.006903106867665479,11,233,233
understanding,NYT,New York Times (public news),45,designing,0.006879332213626043,11,233,233
understanding,NYT,New York Times (public news),46,exploring,0.006810890603777823,11,233,233
understanding,NYT,New York Times (public news),47,information,0.006671687888431883,11,233,233
understanding,NYT,New York Times (public news),48,case,0.00663401978400513,11,233,233
understanding,NYT,New York Times (public news),49,vision,0.006613457128467178,11,233,233
understanding,NYT,New York Times (public news),50,skills,0.006483397063619747,11,233,233
understanding,WSJ,Wall Street Journal (business news),1,knowledge,0.1945929644982406,11,136,136
understanding,WSJ,Wall Street Journal (business news),2,processing,0.0585379601304186,11,136,136
understanding,WSJ,Wall Street Journal (business news),3,knowing,0.043273791324853525,11,136,136
understanding,WSJ,Wall Street Journal (business news),4,learning,0.042526697695842594,11,136,136
understanding,WSJ,Wall Street Journal (business news),5,view,0.034357329043804466,11,136,136
understanding,WSJ,Wall Street Journal (business news),6,sense,0.034126379153255434,11,136,136
understanding,WSJ,Wall Street Journal (business news),7,idea,0.03406866505462395,11,136,136
understanding,WSJ,Wall Street Journal (business news),8,analysis,0.024931126148678432,11,136,136
understanding,WSJ,Wall Street Journal (business news),9,awareness,0.021191580121296787,11,136,136
understanding,WSJ,Wall Street Journal (business news),10,exploring,0.020693856631060523,11,136,136
understanding,WSJ,Wall Street Journal (business news),11,study,0.020610499412406152,11,136,136
understanding,WSJ,Wall Street Journal (business news),12,using,0.020136831908676735,11,136,136
understanding,WSJ,Wall Street Journal (business news),13,just,0.018791870359934147,11,136,136
understanding,WSJ,Wall Street Journal (business news),14,perception,0.01858329619237351,11,136,136
understanding,WSJ,Wall Street Journal (business news),15,designing,0.017353833961126386,11,136,136
understanding,WSJ,Wall Street Journal (business news),16,developing,0.017157345208252347,11,136,136
understanding,WSJ,Wall Street Journal (business news),17,doing,0.01702894025743418,11,136,136
understanding,WSJ,Wall Street Journal (business news),18,seeing,0.016693478032485803,11,136,136
understanding,WSJ,Wall Street Journal (business news),19,changing,0.01575073885267444,11,136,136
understanding,WSJ,Wall Street Journal (business news),20,creating,0.015208152115649833,11,136,136
understanding,WSJ,Wall Street Journal (business news),21,studying,0.015090506353013967,11,136,136
understanding,WSJ,Wall Street Journal (business news),22,improving,0.014941568328369726,11,136,136
understanding,WSJ,Wall Street Journal (business news),23,treating,0.014688654341985102,11,136,136
understanding,WSJ,Wall Street Journal (business news),24,information,0.01291369586176804,11,136,136
understanding,WSJ,Wall Street Journal (business news),25,image,0.012520771221900153,11,136,136
understanding,WSJ,Wall Street Journal (business news),26,then,0.012132215738298186,11,136,136
understanding,WSJ,Wall Street Journal (business news),27,experience,0.012120489369020783,11,136,136
understanding,WSJ,Wall Street Journal (business news),28,managing,0.011939697023170664,11,136,136
understanding,WSJ,Wall Street Journal (business news),29,solving,0.011369683178386136,11,136,136
understanding,WSJ,Wall Street Journal (business news),30,explaining,0.011000240164222385,11,136,136
understanding,WSJ,Wall Street Journal (business news),31,explanation,0.010803161704169801,11,136,136
understanding,WSJ,Wall Street Journal (business news),32,controlling,0.010636558884099569,11,136,136
understanding,WSJ,Wall Street Journal (business news),33,based,0.010561945785891801,11,136,136
understanding,WSJ,Wall Street Journal (business news),34,policy,0.010511151742872489,11,136,136
understanding,WSJ,Wall Street Journal (business news),35,use,0.010242665028562541,11,136,136
understanding,WSJ,Wall Street Journal (business news),36,answering,0.010079251149108988,11,136,136
understanding,WSJ,Wall Street Journal (business news),37,expressing,0.009642758453267966,11,136,136
understanding,WSJ,Wall Street Journal (business news),38,complexity,0.009615043867027037,11,136,136
understanding,WSJ,Wall Street Journal (business news),39,recognition,0.009348636102860507,11,136,136
understanding,WSJ,Wall Street Journal (business news),40,performance,0.009178249587917827,11,136,136
understanding,WSJ,Wall Street Journal (business news),41,definition,0.008932772001198262,11,136,136
understanding,WSJ,Wall Street Journal (business news),42,finding,0.008771080974367754,11,136,136
understanding,WSJ,Wall Street Journal (business news),43,meaning,0.008648736927295533,11,136,136
understanding,WSJ,Wall Street Journal (business news),44,testing,0.008632842367147868,11,136,136
understanding,WSJ,Wall Street Journal (business news),45,control,0.008609804941362825,11,136,136
understanding,WSJ,Wall Street Journal (business news),46,realizing,0.008508238911145641,11,136,136
understanding,WSJ,Wall Street Journal (business news),47,implementing,0.008390632739323545,11,136,136
understanding,WSJ,Wall Street Journal (business news),48,fact,0.008344424490921126,11,136,136
understanding,WSJ,Wall Street Journal (business news),49,version,0.008304884827846248,11,136,136
understanding,WSJ,Wall Street Journal (business news),50,model,0.007904301830388984,11,136,136
understanding,arxiv,arXiv (academic),1,processing,0.1385709507064611,11,958,500
understanding,arxiv,arXiv (academic),2,knowledge,0.11127827285869016,11,958,500
understanding,arxiv,arXiv (academic),3,analysis,0.0724361447095395,11,958,500
understanding,arxiv,arXiv (academic),4,learning,0.051663231972043214,11,958,500
understanding,arxiv,arXiv (academic),5,model,0.032231027436052835,11,958,500
understanding,arxiv,arXiv (academic),6,modeling,0.028388278218265367,11,958,500
understanding,arxiv,arXiv (academic),7,recognition,0.02558450791262259,11,958,500
understanding,arxiv,arXiv (academic),8,view,0.02298699409963235,11,958,500
understanding,arxiv,arXiv (academic),9,studying,0.019147053215150103,11,958,500
understanding,arxiv,arXiv (academic),10,acquisition,0.018046728358766126,11,958,500
understanding,arxiv,arXiv (academic),11,awareness,0.01657110155381942,11,958,500
understanding,arxiv,arXiv (academic),12,control,0.01631626550990329,11,958,500
understanding,arxiv,arXiv (academic),13,interpretation,0.01594487458986651,11,958,500
understanding,arxiv,arXiv (academic),14,study,0.015644429393223802,11,958,500
understanding,arxiv,arXiv (academic),15,idea,0.015428342061331838,11,958,500
understanding,arxiv,arXiv (academic),16,development,0.015034137407647868,11,958,500
understanding,arxiv,arXiv (academic),17,description,0.014961393515177394,11,958,500
understanding,arxiv,arXiv (academic),18,evaluation,0.014899515129487475,11,958,500
understanding,arxiv,arXiv (academic),19,representation,0.014757175363061252,11,958,500
understanding,arxiv,arXiv (academic),20,theory,0.014118830526174601,11,958,500
understanding,arxiv,arXiv (academic),21,application,0.014081836495091912,11,958,500
understanding,arxiv,arXiv (academic),22,example,0.013671049963789693,11,958,500
understanding,arxiv,arXiv (academic),23,approach,0.013436923842988188,11,958,500
understanding,arxiv,arXiv (academic),24,using,0.0132391446019839,11,958,500
understanding,arxiv,arXiv (academic),25,identifying,0.012865024210413805,11,958,500
understanding,arxiv,arXiv (academic),26,use,0.012647988885551973,11,958,500
understanding,arxiv,arXiv (academic),27,set,0.012384799965498657,11,958,500
understanding,arxiv,arXiv (academic),28,design,0.012228751728066093,11,958,500
understanding,arxiv,arXiv (academic),29,information,0.01206905705252529,11,958,500
understanding,arxiv,arXiv (academic),30,detection,0.011514515684314393,11,958,500
understanding,arxiv,arXiv (academic),31,explaining,0.011237389051698804,11,958,500
understanding,arxiv,arXiv (academic),32,implementation,0.011154079709846535,11,958,500
understanding,arxiv,arXiv (academic),33,field,0.011119000756223787,11,958,500
understanding,arxiv,arXiv (academic),34,research,0.010994721116144347,11,958,500
understanding,arxiv,arXiv (academic),35,determining,0.010682307822674625,11,958,500
understanding,arxiv,arXiv (academic),36,improving,0.010606190545760043,11,958,500
understanding,arxiv,arXiv (academic),37,exploring,0.010517309049658563,11,958,500
understanding,arxiv,arXiv (academic),38,models,0.010158353650480062,11,958,500
understanding,arxiv,arXiv (academic),39,explanation,0.010052246078657694,11,958,500
understanding,arxiv,arXiv (academic),40,data,0.009898915217318855,11,958,500
understanding,arxiv,arXiv (academic),41,analyzing,0.009548313241065507,11,958,500
understanding,arxiv,arXiv (academic),42,performance,0.00952721933884993,11,958,500
understanding,arxiv,arXiv (academic),43,inference,0.009478671971866104,11,958,500
understanding,arxiv,arXiv (academic),44,detecting,0.009360513054849128,11,958,500
understanding,arxiv,arXiv (academic),45,examining,0.009114247276622427,11,958,500
understanding,arxiv,arXiv (academic),46,behavior,0.00907120457917475,11,958,500
understanding,arxiv,arXiv (academic),47,communication,0.009003042261921109,11,958,500
understanding,arxiv,arXiv (academic),48,simulation,0.008879245749153884,11,958,500
understanding,arxiv,arXiv (academic),49,assessment,0.008799900402061401,11,958,500
understanding,arxiv,arXiv (academic),50,developing,0.008648782158831587,11,958,500
